user,difference,page
zsyed,6,task
zsyed,85,task
joseph,71,home
daniel,139,home
tdaniels,108,task
tdaniels,101,task
tdaniels,173,task
tdaniels,105,task
tdaniels,11,task
tdaniels,91,task
tdaniels,105,task
tdaniels,97,task
tdaniels,86,task
tdaniels,68,task
tdaniels,60,task
tdaniels,81,task
tdaniels,104,task
tdaniels,120,task
tdaniels,169,task
tdaniels,168,task
tdaniels,165,task
tdaniels,164,task
tdaniels,161,task
tdaniels,226,task
tdaniels,220,task
tdaniels,223,task
tdaniels,221,task
tdaniels,217,task
tdaniels,215,task
tdaniels,215,task
tdaniels,98,task
tdaniels,63,task
tdaniels,13,task
tdaniels,9,home
tdaniels,9,home
tdaniels,3,home
tdaniels,3,home
tdaniels,3,home
tdaniels,3,home
tdaniels,3,home
tdaniels,82,task
tdaniels,195,task
tdaniels,20,task
tdaniels,125,task
tdaniels,118,task
tdaniels,17,home
tdaniels,87,task
tdaniels,86,task
tdaniels,135,task
tdaniels,134,task
tdaniels,125,task
tdaniels,131,task
tdaniels,86,task
tdaniels,116,task
tdaniels,110,task
tdaniels,108,task
tdaniels,103,task
tdaniels,102,task
tdaniels,10,home
tdaniels,116,task
tdaniels,3,home
tdaniels,39,task
tdaniels,3,home
tdaniels,187,task
tdaniels,178,task
tdaniels,74,task
tdaniels,115,task
tdaniels,111,task
tdaniels,109,task
tdaniels,39,home
tdaniels,106,task
tdaniels,4,home
tdaniels,114,task
tdaniels,135,task
tdaniels,125,task
tdaniels,124,task
tdaniels,124,task
tdaniels,104,task
tdaniels,9,home
tdaniels,6,home
tdaniels,79,task
tdaniels,4,home
tdaniels,4,home
tdaniels,143,task
tdaniels,132,task
tdaniels,127,task
tdaniels,116,task
tdaniels,113,task
tdaniels,88,task
tdaniels,82,task
tdaniels,92,task
tdaniels,14,home
tdaniels,7,home
tdaniels,158,task
tdaniels,53,home
tdaniels,4,home
tdaniels,4,home
tdaniels,27,task
tdaniels,8,home
tdaniels,75,task
tdaniels,111,task
tdaniels,87,task
tdaniels,16,home
tdaniels,110,task
tdaniels,117,task
tdaniels,125,task
tdaniels,19,home
tdaniels,17,home
tdaniels,3,home
tdaniels,110,task
tdaniels,75,task
tdaniels,97,task
tdaniels,9,home
tdaniels,138,task
tdaniels,3,home
tdaniels,80,task
tdaniels,91,task
tdaniels,4,home
tdaniels,41,home
tdaniels,93,task
tdaniels,92,task
tdaniels,16,task
tdaniels,59,home
tdaniels,71,task
tdaniels,3,home
tdaniels,156,task
tdaniels,76,task
tdaniels,4,home
tdaniels,117,task
tdaniels,15,home
tdaniels,15,home
tdaniels,3,home
tdaniels,115,task
tdaniels,4,home
tdaniels,180,task
tdaniels,194,task
tdaniels,42,task
tdaniels,12,home
tdaniels,12,home
tdaniels,21,home
tdaniels,102,task
tdaniels,6,home
tdaniels,69,task
tdaniels,53,task
tdaniels,83,task
tdaniels,106,task
tdaniels,3,home
tdaniels,3,home
tdaniels,4,home
tdaniels,7,home
tdaniels,3,home
tdaniels,5,home
tdaniels,4,home
tdaniels,4,home
tdaniels,70,task
tdaniels,84,task
tdaniels,13,home
tdaniels,66,task
tdaniels,83,task
tdaniels,86,task
tdaniels,4,home
tdaniels,13,task
tdaniels,116,task
tdaniels,65,task
tdaniels,3,home
tdaniels,137,task
tdaniels,63,task
tdaniels,6,home
tdaniels,76,task
tdaniels,66,task
tdaniels,4,home
tdaniels,8,home
tdaniels,17,home
tdaniels,159,task
tdaniels,59,task
tdaniels,84,task
tdaniels,70,task
tdaniels,70,task
tdaniels,83,task
tdaniels,11,task
tdaniels,67,task
tdaniels,83,task
tdaniels,5,home
tdaniels,108,task
tdaniels,76,task
tdaniels,88,task
tdaniels,60,task
tdaniels,5,home
tdaniels,4,home
tdaniels,4,home
tdaniels,83,task
tdaniels,7,home
tdaniels,6,home
tdaniels,96,task
tdaniels,81,task
tdaniels,89,task
tdaniels,99,task
tdaniels,105,task
tdaniels,5,home
tdaniels,107,task
tdaniels,97,task
tdaniels,11,task
tdaniels,74,task
tdaniels,85,task
tdaniels,6,home
tdaniels,84,task
tdaniels,17,home
tdaniels,103,task
tdaniels,3,home
tdaniels,72,task
tdaniels,125,task
tdaniels,103,task
tdaniels,149,task
tdaniels,123,task
tdaniels,3,home
tdaniels,14,home
tdaniels,12,home
tdaniels,11,home
tdaniels,18,home
tdaniels,18,home
tdaniels,17,home
tdaniels,17,home
tdaniels,11,task
tdaniels,90,task
tdaniels,132,task
tdaniels,62,home
tdaniels,21,task
tdaniels,11,task
tdaniels,106,task
tdaniels,128,task
tdaniels,119,task
tdaniels,46,home
tdaniels,45,home
tdaniels,96,task
tdaniels,78,task
tdaniels,29,home
tdaniels,29,home
tdaniels,128,task
tdaniels,8,home
tdaniels,13,home
tdaniels,12,home
tdaniels,12,home
tdaniels,8,home
tdaniels,110,task
tdaniels,103,task
tdaniels,101,task
tdaniels,14,home
tdaniels,66,task
tdaniels,18,task
tdaniels,11,task
tdaniels,104,task
tdaniels,8,home
tdaniels,69,task
tdaniels,85,task
tdaniels,82,task
tdaniels,75,task
tdaniels,89,task
tdaniels,11,task
tdaniels,11,task
tdaniels,108,task
tdaniels,17,home
tdaniels,27,home
tdaniels,27,home
tdaniels,194,task
tdaniels,146,task
tdaniels,146,task
tdaniels,137,task
tdaniels,150,task
tdaniels,119,task
tdaniels,3,home
tdaniels,3,home
tdaniels,3,home
tdaniels,3,home
tdaniels,115,task
tdaniels,127,task
tdaniels,131,task
tdaniels,3,home
tdaniels,12,task
tdaniels,8,home
tdaniels,241,task
tdaniels,35,home
tdaniels,102,task
tdaniels,3,home
tdaniels,148,task
tdaniels,24,home
tdaniels,131,task
tdaniels,117,task
tdaniels,3,home
tdaniels,3,home
tdaniels,112,task
tdaniels,189,task
tdaniels,93,task
tdaniels,97,task
tdaniels,126,task
tdaniels,104,task
tdaniels,14,home
tdaniels,14,home
tdaniels,13,task
tdaniels,133,task
tdaniels,131,task
tdaniels,185,task
tdaniels,90,task
tdaniels,147,task
tdaniels,3,home
tdaniels,11,task
tdaniels,12,task
tdaniels,39,home
tdaniels,39,home
tdaniels,4,home
tdaniels,5,home
tdaniels,5,home
tdaniels,3,home
tdaniels,128,task
tdaniels,4,home
tdaniels,94,task
tdaniels,189,task
tdaniels,77,task
tdaniels,111,task
tdaniels,143,task
tdaniels,94,task
tdaniels,28,home
tdaniels,45,home
tdaniels,7,task
tdaniels,97,task
tdaniels,5,task
tdaniels,85,task
grao,60,task
grao,46,task
grao,65,task
grao,69,task
grao,69,task
grao,76,task
grao,136,task
grao,133,task
grao,123,task
grao,102,task
grao,87,task
grao,72,task
grao,83,task
grao,123,task
grao,102,task
grao,101,task
grao,103,task
grao,91,task
grao,95,task
grao,107,task
grao,92,task
grao,105,task
grao,115,task
grao,106,task
grao,99,task
grao,85,task
grao,62,task
grao,101,task
grao,83,task
grao,78,task
grao,126,task
grao,118,task
grao,56,task
grao,57,task
grao,98,task
grao,100,task
grao,89,task
grao,87,task
grao,76,task
grao,75,task
grao,83,task
grao,81,task
grao,72,task
grao,108,task
grao,83,task
grao,73,task
grao,81,task
grao,232,task
grao,226,task
grao,71,task
grao,78,task
grao,65,task
grao,80,task
grao,11,home
grao,64,task
grao,65,task
grao,96,task
grao,79,task
grao,104,task
grao,104,task
grao,131,task
grao,99,task
grao,107,task
grao,102,task
grao,65,task
grao,136,task
grao,124,task
grao,98,task
grao,89,task
grao,69,task
grao,80,task
grao,74,task
grao,83,task
grao,71,task
grao,79,task
dreed,41,task
dreed,27,task
dreed,22,task
dreed,44,task
dreed,28,task
dreed,22,task
dreed,33,task
dreed,62,home
dreed,42,task
dreed,34,task
dreed,13,home
dreed,65,task
dreed,40,task
dreed,42,task
dreed,38,task
nthompson,11,task
nthompson,100,task
nthompson,3,task
nthompson,6,task
nthompson,155,task
nthompson,7,task
smoussa,69,task
smoussa,19,task
ddenton,56,task
ddenton,50,task
ddenton,84,task
ddenton,23,task
ddenton,141,task
sbatte,88,task
sbatte,45,home
sbatte,70,task
ncarrazco,92,task
posully,9,home
posully,3,home
posully,3,home
posully,3,home
posully,8,home
posully,31,home
lwakefield,26,home
nvaldez,49,task
nvaldez,29,home
nvaldez,28,task
nvaldez,9,home
nvaldez,27,home
nvaldez,25,task
nvaldez,85,task
shawkins,99,task
shawkins,92,task
cebersbach,77,task
cebersbach,6,task
cebersbach,88,task
cebersbach,33,task
cebersbach,31,task
cebersbach,29,task
cebersbach,12,task
jnapacena,36,task
jnapacena,92,task
jnapacena,45,task
jnapacena,43,task
jnapacena,26,task
jnapacena,48,task
sgray,28,home
sgray,40,task
sgray,4,home
dmorant,117,task
dmorant,58,task
dmorant,34,home
dmorant,35,home
dmorant,21,home
dmorant,130,home
dmorant,127,home
dmorant,111,home
dmorant,99,home
dmorant,215,task
dmorant,150,task
dmorant,113,task
dmorant,117,task
dmorant,88,task
dmorant,79,task
dmorant,53,task
dmorant,40,task
dmorant,32,task
dmorant,133,task
dmorant,75,home
dmorant,37,home
dmorant,43,home
dmorant,23,home
dmorant,179,task
dmorant,34,task
dmorant,130,task
dmorant,102,task
dmorant,15,task
dmorant,367,task
dmorant,162,task
dmorant,185,task
dmorant,142,task
dmorant,12,task
dmorant,241,task
dmorant,207,task
dmorant,202,task
dmorant,211,task
jpark,35,task
jpark,35,task
jpark,34,task
jpark,27,task
jpark,40,task
jpark,27,task
jpark,30,task
jpark,40,task
jpark,33,task
jpark,29,task
jpark,47,task
jpark,38,task
jpark,20,home
jpark,29,task
jpark,44,task
jpark,25,task
jpark,4,task
jpark,37,task
jpark,12,home
jpark,112,task
jpark,49,task
egriffin,92,task
egriffin,19,task
egriffin,59,task
egriffin,25,task
egriffin,43,task
egriffin,3,home
egriffin,29,task
egriffin,21,task
egriffin,31,task
egriffin,15,task
egriffin,90,task
egriffin,14,task
egriffin,65,task
egriffin,15,task
egriffin,24,task
egriffin,4,home
egriffin,73,task
egriffin,35,task
egriffin,56,task
egriffin,100,task
egriffin,58,task
egriffin,30,home
egriffin,208,task
egriffin,14,task
egriffin,98,task
egriffin,97,task
egriffin,131,task
egriffin,85,task
djohnston,113,task
jquezada,303,task
mcarnes,132,task
mcarnes,5,home
mcarnes,56,task
mcarnes,157,task
mcarnes,224,task
mcarnes,144,task
mcarnes,128,task
mcarnes,122,task
mcarnes,177,task
mcarnes,193,task
mcarnes,249,task
mcarnes,170,task
mcarnes,190,task
mcarnes,64,task
mcarnes,63,task
mcarnes,23,home
mcarnes,12,home
kwhitmore,212,task
kwhitmore,130,task
phickman,115,task
dwilliams,6,home
dwilliams,85,task
dwilliams,163,home
dwilliams,126,home
dwilliams,38,home
dwilliams,131,task
hkiellani,92,task
hkiellani,56,task
hkiellani,66,task
hkiellani,51,task
hkiellani,8,task
hkiellani,5,task
hkiellani,62,task
hkiellani,53,task
hkiellani,109,task
hkiellani,108,task
hkiellani,295,task
hkiellani,293,task
hkiellani,289,task
hkiellani,262,task
hkiellani,255,task
hkiellani,247,task
hkiellani,304,task
hkiellani,240,task
hkiellani,239,task
hkiellani,67,home
cfoth,229,task
tullman,5,home
jrivera,151,task
jrivera,34,home
jrivera,109,task
jrivera,51,home
jrivera,61,home
jrivera,47,task
jrivera,122,home
jrivera,58,task
jrivera,14,home
jrivera,40,home
jrivera,16,task
jrivera,26,home
jrivera,22,home
jrivera,58,task
jrivera,59,task
jrivera,73,task
jrivera,93,task
jrivera,92,task
jrivera,89,task
jrivera,90,task
jrivera,41,home
jrivera,100,task
jrivera,9,task
jrivera,26,home
jrivera,50,task
jrivera,44,task
jrivera,55,task
jrivera,9,home
jrivera,112,task
jrivera,34,home
jrivera,9,home
jrivera,5,home
jrivera,63,home
jrivera,3,home
jrivera,99,task
jrivera,47,task
jrivera,62,task
jrivera,58,task
jrivera,59,task
jrivera,44,task
jrivera,43,task
jrivera,40,task
jrivera,51,task
jrivera,26,home
jrivera,46,task
jrivera,43,task
jrivera,36,task
jrivera,56,task
jrivera,53,task
jrivera,52,task
jrivera,4,home
jrivera,72,task
jrivera,20,home
jrivera,9,task
jrivera,12,task
jrivera,79,task
jrivera,76,task
jrivera,75,task
jrivera,56,task
jrivera,78,task
jrivera,62,home
jrivera,115,task
jrivera,90,task
jrivera,90,task
jrivera,88,task
jrivera,87,task
jrivera,87,task
jrivera,87,task
jrivera,63,task
jrivera,92,task
jrivera,127,task
jrivera,12,home
jrivera,8,home
jrivera,148,task
jrivera,124,task
jrivera,69,task
jrivera,158,task
jrivera,84,task
jrivera,118,task
jrivera,10,task
jrivera,9,task
jrivera,6,task
jrivera,19,task
jrivera,7,task
jrivera,3,home
tjohnson,79,task
tjohnson,63,task
tjohnson,87,task
tjohnson,87,task
anguyen,10,home
anguyen,42,task
anguyen,32,task
anguyen,144,task
anguyen,57,task
anguyen,90,task
anguyen,7,home
anguyen,36,task
anguyen,28,home
anguyen,26,home
anguyen,16,home
anguyen,43,task
anguyen,43,task
anguyen,38,task
anguyen,53,task
anguyen,45,task
anguyen,51,task
anguyen,40,task
anguyen,42,task
anguyen,46,task
anguyen,50,task
anguyen,37,task
anguyen,44,task
anguyen,35,task
anguyen,37,task
anguyen,40,task
anguyen,38,task
anguyen,19,task
anguyen,69,task
dlakshmi,20,task
dlakshmi,27,task
dlakshmi,36,task
dlakshmi,30,task
dlakshmi,65,task
dlakshmi,34,task
dlakshmi,26,task
dlakshmi,29,task
dlakshmi,31,task
dlakshmi,24,task
dlakshmi,25,task
dlakshmi,41,task
dlakshmi,45,task
tlocklear,126,task
tlocklear,105,task
tlocklear,113,task
tlocklear,100,task
tlocklear,93,task
tlocklear,134,task
tlocklear,8,task
tlocklear,108,task
cvalentine,153,task
mheller,75,task
mheller,90,task
mheller,107,task
mheller,274,task
mheller,272,task
mheller,238,task
mjohnson,165,task
hkeegan,63,task
cfelch,35,task
cfelch,7,task
fonwuachi,69,task
tbradfield,397,task
jdeville,82,task
jdeville,87,task
jdeville,85,task
jdeville,82,task
jdeville,141,task
jdeville,130,task
jdeville,132,task
jdeville,83,task
jdeville,4,home
jdeville,155,task
jdeville,156,task
jdeville,124,task
jdeville,61,home
jdeville,71,task
jdeville,112,task
jdeville,108,task
mgodinez,77,task
mgodinez,75,task
mgodinez,74,task
mgodinez,74,task
mgodinez,72,task
mgodinez,72,task
mgodinez,71,task
mgodinez,70,task
mgodinez,68,task
mgodinez,67,task
mgodinez,66,task
mgodinez,66,task
mgodinez,64,task
mgodinez,73,task
mgodinez,31,task
mgodinez,45,task
mgodinez,45,task
mgodinez,38,task
mgodinez,37,task
mgodinez,42,task
mgodinez,42,task
mgodinez,54,task
mgodinez,54,task
mgodinez,38,task
mgodinez,37,task
mgodinez,39,task
mgodinez,41,task
mgodinez,44,task
mgodinez,43,task
mgodinez,31,task
mgodinez,31,task
mgodinez,57,task
mgodinez,54,task
mgodinez,59,task
mgodinez,62,task
mgodinez,62,task
mgodinez,38,task
mgodinez,37,task
mgodinez,37,task
mgodinez,27,task
mgodinez,38,task
mgodinez,37,task
mgodinez,32,task
mgodinez,29,task
mgodinez,47,task
mgodinez,27,task
mgodinez,49,task
mgodinez,43,task
mgodinez,47,task
mgodinez,94,task
mgodinez,93,task
mgodinez,41,task
mgodinez,32,task
mgodinez,26,task
mgodinez,46,task
mgodinez,44,task
mgodinez,73,task
mgodinez,73,task
mgodinez,102,task
mgodinez,102,task
mgodinez,42,task
mgodinez,41,task
mgodinez,93,task
mgodinez,93,task
mgodinez,48,task
mgodinez,43,task
mgodinez,46,task
mgodinez,39,task
mgodinez,37,task
mgodinez,41,task
mgodinez,43,task
mgodinez,42,task
mgodinez,43,task
mgodinez,35,task
mgodinez,95,task
mgodinez,89,task
mgodinez,93,task
mgodinez,10,task
mgodinez,9,task
mgodinez,3,task
mgodinez,79,task
mgodinez,79,task
mgodinez,52,task
mgodinez,45,task
mgodinez,50,task
mgodinez,14,task
mgodinez,17,task
mgodinez,96,task
mgodinez,95,task
mgodinez,89,task
mgodinez,93,task
mgodinez,48,task
mgodinez,40,task
mgodinez,43,task
mgodinez,32,task
mgodinez,38,task
mgodinez,32,task
mgodinez,57,task
mgodinez,56,task
mgodinez,55,task
mgodinez,39,task
mgodinez,38,task
mgodinez,37,task
mgodinez,36,task
mgodinez,32,task
mgodinez,34,task
mgodinez,27,task
mgodinez,27,task
mgodinez,26,task
mgodinez,24,task
mgodinez,23,task
mgodinez,27,task
mgodinez,28,task
mgodinez,27,task
mgodinez,27,task
mgodinez,20,task
mgodinez,25,task
mgodinez,25,task
mgodinez,18,task
mgodinez,37,task
mgodinez,29,task
mgodinez,26,task
mgodinez,21,task
mgodinez,24,task
mgodinez,35,task
mgodinez,31,task
mgodinez,33,task
mgodinez,27,task
mgodinez,26,task
mgodinez,21,task
mgodinez,24,task
mgodinez,28,task
mgodinez,27,task
mgodinez,21,task
mgodinez,25,task
mgodinez,28,task
mgodinez,38,task
mgodinez,37,task
mgodinez,32,task
mgodinez,34,task
mgodinez,28,task
mgodinez,31,task
mgodinez,30,task
mgodinez,29,task
mgodinez,24,task
mgodinez,27,task
mgodinez,43,task
mgodinez,42,task
mgodinez,41,task
mgodinez,36,task
mgodinez,39,task
mgodinez,36,task
mgodinez,36,task
mgodinez,25,task
mgodinez,30,task
mgodinez,29,task
mgodinez,28,task
mgodinez,22,task
mgodinez,28,task
mgodinez,31,task
mgodinez,51,task
mgodinez,44,task
mgodinez,49,task
mgodinez,47,task
mgodinez,32,task
mgodinez,31,task
mgodinez,27,task
mgodinez,29,task
mgodinez,31,task
mgodinez,18,task
mgodinez,29,task
mgodinez,22,task
mgodinez,26,task
mgodinez,42,task
mgodinez,44,task
mgodinez,19,task
mgodinez,23,task
mgodinez,27,task
mgodinez,26,task
mgodinez,19,task
mgodinez,28,task
mgodinez,27,task
mgodinez,27,task
mgodinez,26,task
mgodinez,18,task
mgodinez,30,task
mgodinez,29,task
mgodinez,22,task
mgodinez,27,task
mgodinez,30,task
mgodinez,29,task
mgodinez,28,task
mgodinez,27,task
mgodinez,21,task
mgodinez,28,task
mgodinez,27,task
mgodinez,23,task
mgodinez,24,task
mgodinez,28,task
mgodinez,28,task
mgodinez,27,task
mgodinez,22,task
mgodinez,25,task
mgodinez,22,task
mgodinez,17,task
mgodinez,19,task
mgodinez,59,task
mgodinez,53,task
mgodinez,41,task
mgodinez,40,task
mgodinez,40,task
mgodinez,35,task
mgodinez,32,task
mgodinez,27,task
mgodinez,30,task
mgodinez,72,task
mgodinez,11,task
mgodinez,24,task
mgodinez,23,task
mgodinez,24,task
mgodinez,74,task
mgodinez,73,task
mgodinez,72,task
mgodinez,37,task
mgodinez,26,task
mgodinez,22,task
mgodinez,15,task
mgodinez,42,task
mgodinez,41,task
mgodinez,30,task
mgodinez,38,task
mgodinez,32,task
mgodinez,32,task
mgodinez,34,task
mgodinez,15,task
mgodinez,21,task
mgodinez,26,task
mgodinez,21,task
mgodinez,24,task
mgodinez,25,task
mgodinez,19,task
mgodinez,22,task
mgodinez,66,task
mgodinez,64,task
mgodinez,24,task
mgodinez,23,task
mgodinez,22,task
mgodinez,18,task
mgodinez,50,task
mgodinez,46,task
mgodinez,40,task
mgodinez,23,task
mgodinez,23,task
mgodinez,22,task
mgodinez,17,task
mgodinez,35,task
mgodinez,34,task
mgodinez,29,task
mgodinez,28,task
mgodinez,23,task
mgodinez,25,task
mgodinez,21,task
mgodinez,28,task
mgodinez,26,task
mgodinez,36,task
mgodinez,21,task
mgodinez,25,task
mgodinez,23,task
mgodinez,26,task
mgodinez,36,task
mgodinez,35,task
mgodinez,33,task
mgodinez,34,task
mgodinez,33,task
mgodinez,23,task
mgodinez,43,task
mgodinez,38,task
mgodinez,41,task
mgodinez,32,task
mgodinez,36,task
mgodinez,21,task
mgodinez,96,task
mgodinez,96,task
mgodinez,27,task
mgodinez,29,task
mgodinez,32,task
mgodinez,25,task
mgodinez,21,task
mgodinez,25,task
mgodinez,20,task
mgodinez,38,task
mgodinez,43,task
mgodinez,79,task
mgodinez,88,task
mgodinez,39,task
mgodinez,59,task
mgodinez,52,task
mgodinez,57,task
mgodinez,51,task
mgodinez,49,task
mgodinez,28,task
mgodinez,22,task
mgodinez,29,task
mgodinez,19,task
mgodinez,36,task
mgodinez,38,task
mgodinez,18,task
mgodinez,24,task
mgodinez,29,task
mgodinez,28,task
mgodinez,23,task
mgodinez,34,task
mgodinez,33,task
mgodinez,23,task
mgodinez,38,task
mgodinez,37,task
mgodinez,30,task
mgodinez,45,task
mgodinez,23,task
mgodinez,28,task
mgodinez,24,task
mgodinez,32,task
mgodinez,28,task
mgodinez,88,task
mgodinez,36,task
mgodinez,33,task
mgodinez,24,task
mgodinez,23,task
mgodinez,29,task
mgodinez,28,task
mgodinez,27,task
mgodinez,33,task
mgodinez,35,task
mgodinez,35,task
mgodinez,38,task
mgodinez,30,task
mgodinez,28,task
mgodinez,23,task
mgodinez,35,task
mgodinez,39,task
mgodinez,30,task
mgodinez,30,task
mgodinez,34,task
mgodinez,35,task
mgodinez,40,task
mgodinez,29,task
mgodinez,25,task
mgodinez,53,task
mgodinez,24,task
mgodinez,18,task
mgodinez,22,task
mgodinez,37,task
mgodinez,38,task
mgodinez,33,task
mgodinez,33,task
mgodinez,37,task
mgodinez,40,task
mgodinez,39,task
mgodinez,24,task
mgodinez,25,task
mgodinez,27,task
mgodinez,50,task
mgodinez,27,task
mgodinez,22,task
mgodinez,24,task
mgodinez,24,task
mgodinez,27,task
mgodinez,26,task
mgodinez,24,task
mgodinez,22,task
mgodinez,23,task
mgodinez,23,task
mgodinez,32,task
mgodinez,31,task
mgodinez,29,task
mgodinez,30,task
mgodinez,28,task
mgodinez,28,task
mgodinez,34,task
mgodinez,34,task
mgodinez,32,task
mgodinez,31,task
mgodinez,30,task
mgodinez,29,task
mgodinez,29,task
mgodinez,51,task
mgodinez,50,task
mgodinez,45,task
mgodinez,40,task
mgodinez,41,task
mgodinez,13,task
mgodinez,19,task
mgodinez,32,task
mgodinez,31,task
mgodinez,28,task
mgodinez,29,task
mgodinez,21,task
mgodinez,20,task
mgodinez,16,task
mgodinez,18,task
mgodinez,20,task
mgodinez,31,task
mgodinez,27,task
mgodinez,68,task
mgodinez,64,task
mgodinez,32,task
mgodinez,27,task
mgodinez,30,task
mgodinez,34,task
mgodinez,30,task
mgodinez,32,task
mgodinez,32,task
mgodinez,36,task
mgodinez,28,task
mgodinez,33,task
mgodinez,30,task
mgodinez,29,task
mgodinez,24,task
mgodinez,27,task
mgodinez,32,task
mgodinez,24,task
mgodinez,30,task
mgodinez,33,task
mgodinez,32,task
mgodinez,23,task
mgodinez,38,task
mgodinez,34,task
mgodinez,36,task
mgodinez,41,task
mgodinez,33,task
mgodinez,39,task
mgodinez,44,task
mgodinez,36,task
mgodinez,42,task
mgodinez,92,task
mgodinez,93,task
mgodinez,38,task
mgodinez,38,task
mgodinez,38,task
mgodinez,37,task
mgodinez,33,task
mgodinez,35,task
mgodinez,33,task
mgodinez,32,task
mgodinez,27,task
mgodinez,39,task
mgodinez,37,task
mgodinez,39,task
mgodinez,36,task
mgodinez,37,task
mgodinez,29,task
mgodinez,25,task
mgodinez,27,task
mgodinez,46,task
mgodinez,43,task
mgodinez,37,task
mgodinez,33,task
mgodinez,35,task
mgodinez,29,task
mgodinez,28,task
mgodinez,25,task
mgodinez,26,task
mgodinez,41,task
mgodinez,40,task
mgodinez,34,task
mgodinez,37,task
mgodinez,38,task
mgodinez,37,task
mgodinez,35,task
mgodinez,26,task
mgodinez,28,task
mgodinez,39,task
mgodinez,40,task
mgodinez,47,task
mgodinez,46,task
mgodinez,44,task
mgodinez,43,task
mgodinez,34,task
mgodinez,31,task
mgodinez,32,task
mgodinez,29,task
mgodinez,31,task
mgodinez,29,task
mgodinez,28,task
mgodinez,27,task
mgodinez,33,task
mgodinez,43,task
mgodinez,41,task
mgodinez,41,task
mgodinez,30,task
mgodinez,27,task
mgodinez,28,task
mgodinez,33,task
mgodinez,30,task
mgodinez,31,task
mgodinez,39,task
mgodinez,40,task
mgodinez,39,task
mgodinez,40,task
mgodinez,24,task
mgodinez,21,task
mgodinez,22,task
mgodinez,22,task
mgodinez,28,task
mgodinez,26,task
mgodinez,25,task
mgodinez,24,task
mgodinez,26,task
mgodinez,27,task
mgodinez,27,task
mgodinez,27,task
mgodinez,25,task
mgodinez,24,task
mgodinez,34,task
mgodinez,31,task
mgodinez,32,task
mgodinez,28,task
mgodinez,31,task
mgodinez,68,task
mgodinez,67,task
mgodinez,23,task
mgodinez,24,task
mgodinez,181,task
mgodinez,178,task
mgodinez,43,task
mgodinez,45,task
mgodinez,36,task
mgodinez,28,task
mgodinez,34,task
mgodinez,24,task
mgodinez,26,task
mgodinez,28,task
mgodinez,29,task
mgodinez,36,task
mgodinez,33,task
mgodinez,34,task
mgodinez,36,task
mgodinez,29,task
mgodinez,34,task
mgodinez,31,task
mgodinez,28,task
mgodinez,44,task
mgodinez,46,task
mgodinez,33,task
mgodinez,34,task
mgodinez,33,task
mgodinez,33,task
mgodinez,32,task
mgodinez,28,task
mgodinez,32,task
mgodinez,32,task
mgodinez,31,task
mgodinez,26,task
mgodinez,21,task
mgodinez,27,task
mgodinez,35,task
mgodinez,30,task
mgodinez,32,task
mgodinez,30,task
mgodinez,32,task
mgodinez,29,task
mgodinez,25,task
mgodinez,27,task
mgodinez,47,task
mgodinez,45,task
mgodinez,27,task
mgodinez,24,task
mgodinez,25,task
mgodinez,31,task
mgodinez,33,task
mgodinez,19,task
mgodinez,21,task
mgodinez,40,task
mgodinez,41,task
mgodinez,31,task
mgodinez,27,task
mgodinez,32,task
mgodinez,33,task
mgodinez,35,task
mgodinez,31,task
mgodinez,33,task
mgodinez,35,task
mgodinez,33,task
mgodinez,32,task
mgodinez,25,task
mgodinez,27,task
mgodinez,46,task
mgodinez,47,task
mgodinez,33,task
mgodinez,30,task
mgodinez,31,task
mgodinez,29,task
mgodinez,26,task
mgodinez,27,task
mgodinez,36,task
mgodinez,35,task
mgodinez,29,task
mgodinez,32,task
mgodinez,28,task
mgodinez,29,task
mgodinez,34,task
mgodinez,31,task
mgodinez,65,task
mgodinez,41,task
mgodinez,42,task
mgodinez,44,task
mgodinez,34,task
mgodinez,48,task
mgodinez,49,task
mgodinez,26,task
mgodinez,28,task
mgodinez,30,task
mgodinez,29,task
mgodinez,24,task
mgodinez,25,task
mgodinez,26,task
mgodinez,32,task
mgodinez,33,task
mgodinez,31,task
mgodinez,28,task
mgodinez,24,task
mgodinez,25,task
mgodinez,32,task
mgodinez,26,task
mgodinez,27,task
mgodinez,29,task
mgodinez,50,task
mgodinez,49,task
mgodinez,46,task
mgodinez,47,task
mgodinez,26,task
mgodinez,18,task
mgodinez,23,task
mgodinez,25,task
mgodinez,18,task
mgodinez,23,task
mgodinez,27,task
mgodinez,23,task
mgodinez,25,task
mgodinez,30,task
mgodinez,25,task
mgodinez,38,task
mgodinez,33,task
mgodinez,40,task
mgodinez,39,task
mgodinez,29,task
mgodinez,45,task
mgodinez,45,task
mgodinez,44,task
mgodinez,24,task
mgodinez,25,task
mgodinez,10,task
mgodinez,9,task
mgodinez,33,task
mgodinez,26,task
mgodinez,31,task
mgodinez,42,task
mgodinez,39,task
mgodinez,38,task
mgodinez,29,task
mgodinez,42,task
mgodinez,25,task
mgodinez,24,task
mgodinez,34,task
mgodinez,33,task
mgodinez,35,task
mgodinez,29,task
mgodinez,28,task
mgodinez,37,task
mgodinez,41,task
mgodinez,38,task
mgodinez,31,task
mgodinez,36,task
mgodinez,34,task
mgodinez,6,home
mgodinez,16,task
mgodinez,35,task
mgodinez,37,task
mgodinez,36,task
mgodinez,30,task
mgodinez,34,task
mgodinez,40,task
mgodinez,36,task
mgodinez,38,task
mgodinez,25,task
mgodinez,25,task
mgodinez,34,task
mgodinez,53,task
mgodinez,52,task
mgodinez,30,task
mgodinez,31,task
mgodinez,26,task
mgodinez,27,task
mgodinez,47,task
mgodinez,45,task
mgodinez,36,task
mgodinez,39,task
mgodinez,18,task
mgodinez,28,task
mgodinez,34,task
mgodinez,55,task
mgodinez,53,task
mgodinez,28,task
mgodinez,27,task
mgodinez,25,task
mgodinez,27,task
mgodinez,30,task
mgodinez,29,task
mgodinez,29,task
mgodinez,28,task
mgodinez,38,task
mgodinez,37,task
mgodinez,33,task
mgodinez,33,task
mgodinez,29,task
mgodinez,35,task
mgodinez,34,task
mgodinez,30,task
mgodinez,30,task
mgodinez,25,task
mgodinez,32,task
mgodinez,31,task
mgodinez,30,task
mgodinez,81,task
mgodinez,81,task
mgodinez,32,task
mgodinez,30,task
mgodinez,29,task
mgodinez,43,task
mgodinez,39,task
mgodinez,38,task
mgodinez,37,task
mgodinez,36,task
mgodinez,15,task
mgodinez,32,task
mgodinez,24,task
mgodinez,28,task
mgodinez,3,home
mgodinez,39,task
mgodinez,28,task
mgodinez,46,task
mgodinez,45,task
mgodinez,30,task
mgodinez,30,task
mgodinez,26,task
mgodinez,30,task
mgodinez,84,task
mgodinez,83,task
mgodinez,36,task
mgodinez,20,task
mgodinez,36,task
mgodinez,106,task
mgodinez,94,task
mgodinez,104,task
mgodinez,47,task
mgodinez,46,task
mgodinez,45,task
mgodinez,34,task
mgodinez,33,task
mgodinez,44,task
mgodinez,42,task
mgodinez,24,task
mgodinez,29,task
mgodinez,44,task
mgodinez,33,task
mgodinez,41,task
mgodinez,45,task
mgodinez,37,task
mgodinez,43,task
mgodinez,24,task
mgodinez,39,task
mgodinez,38,task
mgodinez,31,task
mgodinez,17,task
mgodinez,28,task
mgodinez,4,home
mgodinez,28,task
mgodinez,36,task
mgodinez,12,task
mgodinez,35,task
mgodinez,34,task
mgodinez,28,task
mgodinez,15,task
mgodinez,21,task
mgodinez,30,task
mgodinez,31,task
mgodinez,27,task
mgodinez,29,task
mgodinez,24,task
mgodinez,26,task
mgodinez,35,task
mgodinez,41,task
mgodinez,42,task
mgodinez,50,task
mgodinez,23,task
mgodinez,28,task
mgodinez,22,task
mgodinez,28,task
mgodinez,31,task
mgodinez,29,task
mgodinez,14,task
mgodinez,27,task
mgodinez,66,task
mgodinez,76,task
mgodinez,10,task
mgodinez,15,task
mgodinez,26,task
mgodinez,131,task
mgodinez,130,task
mgodinez,55,task
mgodinez,44,task
mgodinez,42,task
mgodinez,31,task
mgodinez,27,task
mgodinez,36,task
mgodinez,46,task
mgodinez,44,task
mgodinez,43,task
mgodinez,37,task
mgodinez,32,task
mgodinez,34,task
mgodinez,28,task
mgodinez,31,task
mgodinez,33,task
mgodinez,23,task
mgodinez,23,task
mgodinez,36,task
mgodinez,34,task
mgodinez,34,task
mgodinez,27,task
mgodinez,25,task
mgodinez,36,task
mgodinez,37,task
mgodinez,34,task
mgodinez,32,task
mgodinez,30,task
mgodinez,58,task
mgodinez,36,task
mgodinez,38,task
mgodinez,31,task
mgodinez,39,task
mgodinez,41,task
mgodinez,41,task
mgodinez,40,task
mgodinez,42,task
mgodinez,28,task
mgodinez,37,task
mgodinez,38,task
mgodinez,40,task
mgodinez,81,task
mgodinez,83,task
mgodinez,36,task
mgodinez,42,task
mgodinez,41,task
mgodinez,37,task
mgodinez,45,task
mgodinez,34,task
mgodinez,33,task
mgodinez,39,task
mgodinez,38,task
mgodinez,34,task
mgodinez,34,task
mgodinez,35,task
mgodinez,29,task
mgodinez,28,task
mgodinez,45,task
mgodinez,33,task
mgodinez,31,task
mgodinez,34,task
mgodinez,50,task
mgodinez,45,task
mgodinez,69,task
mgodinez,70,task
mgodinez,39,task
mgodinez,35,task
mgodinez,27,task
mgodinez,36,task
mgodinez,33,task
mgodinez,36,task
mgodinez,36,task
mgodinez,32,task
mgodinez,33,task
mgodinez,72,task
mgodinez,69,task
mgodinez,70,task
mgodinez,36,task
mgodinez,33,task
mgodinez,32,task
mgodinez,56,task
mgodinez,55,task
mgodinez,54,task
mgodinez,63,task
mgodinez,62,task
mgodinez,61,task
mgodinez,47,task
mgodinez,39,task
mgodinez,45,task
mgodinez,59,task
mgodinez,58,task
mgodinez,57,task
mgodinez,38,task
mgodinez,35,task
mgodinez,61,task
mgodinez,56,task
mgodinez,37,task
mgodinez,31,task
mgodinez,52,task
mgodinez,51,task
mgodinez,45,task
mgodinez,3,task
mgodinez,40,task
mgodinez,25,task
mgodinez,39,task
mgodinez,38,task
mgodinez,43,task
mgodinez,42,task
mgodinez,31,task
mgodinez,20,task
mgodinez,40,task
mgodinez,28,task
mgodinez,38,task
mgodinez,35,task
mgodinez,28,task
mgodinez,33,task
mgodinez,37,task
mgodinez,36,task
mgodinez,35,task
mgodinez,41,task
mgodinez,40,task
mgodinez,35,task
mgodinez,28,task
mgodinez,32,task
mgodinez,40,task
mgodinez,39,task
mgodinez,29,task
mgodinez,37,task
mgodinez,36,task
mgodinez,31,task
mgodinez,42,task
mgodinez,41,task
mgodinez,36,task
mgodinez,34,task
mgodinez,25,task
mgodinez,29,task
mgodinez,43,task
mgodinez,42,task
mgodinez,41,task
mgodinez,35,task
mgodinez,35,task
mgodinez,35,task
mgodinez,45,task
mgodinez,36,task
mgodinez,26,task
mgodinez,31,task
mgodinez,42,task
mgodinez,25,task
mgodinez,40,task
mgodinez,25,task
mgodinez,30,task
mgodinez,25,task
mgodinez,28,task
mgodinez,49,task
mgodinez,49,task
mgodinez,48,task
mgodinez,38,task
mgodinez,28,task
mgodinez,35,task
mgodinez,37,task
mgodinez,32,task
mgodinez,19,task
mgodinez,30,task
mgodinez,22,task
mgodinez,32,task
mgodinez,27,task
mgodinez,35,task
mgodinez,18,task
mgodinez,33,task
mgodinez,32,task
mgodinez,30,task
mgodinez,27,task
mgodinez,39,task
mgodinez,33,task
mgodinez,44,task
mgodinez,31,task
mgodinez,40,task
mgodinez,37,task
mgodinez,38,task
mgodinez,46,task
mgodinez,30,task
mgodinez,43,task
mgodinez,39,task
mgodinez,28,task
mgodinez,36,task
mgodinez,36,task
mgodinez,12,task
mgodinez,34,task
mgodinez,45,task
mgodinez,35,task
mgodinez,43,task
mgodinez,40,task
mgodinez,39,task
mgodinez,39,task
mgodinez,30,task
mgodinez,33,task
mgodinez,31,task
mgodinez,31,task
mgodinez,31,task
mgodinez,26,task
mgodinez,29,task
mgodinez,35,task
mgodinez,41,task
mgodinez,41,task
mgodinez,33,task
mgodinez,39,task
mgodinez,27,task
mgodinez,28,task
mgodinez,31,task
mgodinez,34,task
mgodinez,32,task
mgodinez,33,task
mgodinez,70,task
mgodinez,63,task
mgodinez,35,task
mgodinez,31,task
mgodinez,33,task
mgodinez,30,task
mgodinez,33,task
mgodinez,44,task
mgodinez,22,task
mgodinez,32,task
mgodinez,67,task
mgodinez,33,task
mgodinez,29,task
mgodinez,31,task
mgodinez,38,task
mgodinez,32,task
mgodinez,21,task
mgodinez,33,task
mgodinez,36,task
mgodinez,31,task
mgodinez,51,task
mgodinez,34,task
mgodinez,30,task
mgodinez,32,task
mgodinez,32,task
mgodinez,26,task
mgodinez,27,task
mgodinez,30,task
mgodinez,41,task
mgodinez,38,task
mgodinez,43,task
mgodinez,38,task
mgodinez,33,task
mgodinez,37,task
mgodinez,39,task
mgodinez,41,task
mgodinez,55,task
mgodinez,51,task
mgodinez,38,task
mgodinez,37,task
mgodinez,36,task
mgodinez,32,task
mgodinez,29,task
mgodinez,26,task
mgodinez,27,task
mgodinez,32,task
mgodinez,32,task
mgodinez,32,task
mgodinez,77,task
mgodinez,74,task
mgodinez,75,task
mgodinez,35,task
mgodinez,31,task
mgodinez,34,task
mgodinez,35,task
mgodinez,49,task
mgodinez,50,task
mgodinez,26,task
mgodinez,30,task
mgodinez,31,task
mgodinez,28,task
mgodinez,29,task
mgodinez,27,task
mgodinez,26,task
mgodinez,23,task
mgodinez,36,task
mgodinez,48,task
mgodinez,47,task
mgodinez,44,task
mgodinez,45,task
mgodinez,33,task
mgodinez,28,task
mgodinez,41,task
mgodinez,41,task
mgodinez,68,task
mgodinez,64,task
mgodinez,26,task
mgodinez,34,task
mgodinez,35,task
mgodinez,30,task
mgodinez,40,task
mgodinez,41,task
mgodinez,37,task
mgodinez,33,task
mgodinez,37,task
mgodinez,30,task
mgodinez,30,task
mgodinez,24,task
mgodinez,38,task
mgodinez,35,task
mgodinez,26,task
mgodinez,28,task
mgodinez,48,task
mgodinez,55,task
mgodinez,56,task
mgodinez,56,task
mgodinez,56,task
mgodinez,70,task
mgodinez,61,task
mgodinez,62,task
mgodinez,8,task
mgodinez,100,task
mgodinez,89,task
mgodinez,62,task
mgodinez,61,task
mgodinez,6,task
mgodinez,7,task
mgodinez,80,task
mgodinez,82,task
mgodinez,36,task
mgodinez,33,task
mgodinez,34,task
mgodinez,32,task
mgodinez,31,task
mgodinez,41,task
mgodinez,40,task
mgodinez,54,task
mgodinez,42,task
mgodinez,35,task
mgodinez,37,task
mgodinez,38,task
mgodinez,38,task
mgodinez,40,task
mgodinez,39,task
mgodinez,39,task
mgodinez,62,task
mgodinez,42,task
mgodinez,43,task
mgodinez,37,task
mgodinez,38,task
mgodinez,36,task
mgodinez,63,task
mgodinez,46,task
mgodinez,43,task
mgodinez,38,task
mgodinez,35,task
mgodinez,35,task
mgodinez,36,task
mgodinez,37,task
mgodinez,42,task
mgodinez,43,task
mgodinez,51,task
mgodinez,48,task
mgodinez,49,task
mgodinez,61,task
mgodinez,58,task
mgodinez,76,task
mgodinez,72,task
mgodinez,73,task
mgodinez,63,task
mgodinez,59,task
mgodinez,50,task
mgodinez,46,task
mgodinez,50,task
mgodinez,44,task
mgodinez,41,task
mgodinez,42,task
mgodinez,37,task
mgodinez,37,task
mgodinez,42,task
mgodinez,43,task
mgodinez,43,task
mgodinez,50,task
mgodinez,46,task
mgodinez,48,task
mgodinez,50,task
mgodinez,68,task
mgodinez,69,task
mgodinez,52,task
mgodinez,111,task
mgodinez,109,task
mgodinez,62,task
mgodinez,84,task
mgodinez,85,task
mgodinez,55,task
mgodinez,52,task
mgodinez,51,task
mgodinez,42,task
mgodinez,41,task
mgodinez,36,task
mgodinez,37,task
mgodinez,29,task
mgodinez,44,task
mgodinez,42,task
mgodinez,42,task
mgodinez,36,task
mgodinez,36,task
mgodinez,39,task
mgodinez,37,task
mgodinez,36,task
mgodinez,38,task
mgodinez,34,task
mgodinez,34,task
mgodinez,42,task
mgodinez,42,task
mgodinez,42,task
mgodinez,39,task
mgodinez,33,task
mgodinez,34,task
mgodinez,40,task
mgodinez,36,task
mgodinez,35,task
mgodinez,43,task
mgodinez,38,task
mgodinez,46,task
mgodinez,55,task
mgodinez,52,task
mgodinez,30,task
mgodinez,31,task
mgodinez,25,task
mgodinez,36,task
mgodinez,49,task
mgodinez,32,task
mgodinez,28,task
mgodinez,39,task
mgodinez,39,task
mgodinez,39,task
mgodinez,45,task
mgodinez,35,task
mgodinez,31,task
mgodinez,33,task
mgodinez,40,task
mgodinez,42,task
mgodinez,44,task
mgodinez,53,task
mgodinez,37,task
mgodinez,45,task
mgodinez,35,task
mgodinez,38,task
mgodinez,47,task
mgodinez,41,task
mgodinez,46,task
mgodinez,47,task
mgodinez,41,task
mgodinez,31,task
mgodinez,43,task
mgodinez,39,task
mgodinez,47,task
mgodinez,47,task
mgodinez,41,task
mgodinez,38,task
mgodinez,39,task
mgodinez,38,task
mgodinez,41,task
mgodinez,41,task
mgodinez,42,task
mgodinez,39,task
mgodinez,41,task
mgodinez,42,task
mgodinez,37,task
mgodinez,36,task
mgodinez,33,task
mgodinez,33,task
mgodinez,59,task
mgodinez,59,task
mgodinez,51,task
mgodinez,47,task
mgodinez,45,task
mgodinez,42,task
mgodinez,43,task
mgodinez,48,task
mgodinez,47,task
mgodinez,42,task
mgodinez,35,task
mgodinez,41,task
mgodinez,44,task
mgodinez,34,task
mgodinez,39,task
mgodinez,36,task
mgodinez,37,task
mgodinez,41,task
mgodinez,42,task
mgodinez,37,task
mgodinez,46,task
mgodinez,37,task
mgodinez,40,task
mgodinez,58,task
mgodinez,59,task
mgodinez,77,task
mgodinez,49,task
mgodinez,48,task
mgodinez,43,task
mgodinez,68,task
mgodinez,62,task
mgodinez,66,task
mgodinez,36,task
mgodinez,41,task
mgodinez,42,task
mgodinez,45,task
mgodinez,41,task
mgodinez,46,task
mgodinez,41,task
mgodinez,44,task
mgodinez,39,task
mgodinez,31,task
mgodinez,32,task
mgodinez,51,task
mgodinez,50,task
mgodinez,42,task
mgodinez,41,task
mgodinez,45,task
mgodinez,37,task
mgodinez,37,task
mgodinez,37,task
mgodinez,38,task
mgodinez,44,task
mgodinez,41,task
mgodinez,41,task
mgodinez,34,task
mgodinez,30,task
mgodinez,36,task
mgodinez,37,task
mgodinez,48,task
mgodinez,49,task
mgodinez,44,task
mgodinez,39,task
mgodinez,42,task
mgodinez,41,task
mgodinez,39,task
mgodinez,38,task
mgodinez,38,task
mgodinez,34,task
mgodinez,34,task
mgodinez,34,task
mgodinez,40,task
mgodinez,36,task
mgodinez,27,task
mgodinez,53,task
mgodinez,39,task
mgodinez,35,task
mgodinez,46,task
mgodinez,44,task
mgodinez,43,task
mgodinez,44,task
mgodinez,45,task
mgodinez,34,task
mgodinez,46,task
mgodinez,47,task
mgodinez,44,task
mgodinez,45,task
mgodinez,44,task
mgodinez,40,task
mgodinez,38,task
mgodinez,35,task
mgodinez,36,task
mgodinez,41,task
mgodinez,38,task
mgodinez,37,task
mgodinez,49,task
mgodinez,43,task
mgodinez,44,task
mgodinez,41,task
mgodinez,42,task
mgodinez,40,task
mgodinez,54,task
mgodinez,49,task
mgodinez,52,task
mgodinez,48,task
mgodinez,43,task
mgodinez,44,task
mgodinez,41,task
mgodinez,40,task
mgodinez,33,task
mgodinez,30,task
mgodinez,31,task
mgodinez,52,task
mgodinez,5,home
mgodinez,56,task
mgodinez,47,task
mgodinez,46,task
mgodinez,45,task
mgodinez,45,task
mgodinez,42,task
mgodinez,43,task
mgodinez,42,task
mgodinez,42,task
mgodinez,46,task
mgodinez,46,task
mgodinez,35,task
mgodinez,36,task
mgodinez,57,task
mgodinez,58,task
mgodinez,47,task
mgodinez,45,task
mgodinez,45,task
mgodinez,50,task
mgodinez,49,task
mgodinez,46,task
mgodinez,43,task
mgodinez,43,task
mgodinez,66,task
mgodinez,64,task
mgodinez,62,task
mgodinez,59,task
mgodinez,60,task
mgodinez,56,task
mgodinez,62,task
mgodinez,62,task
mgodinez,89,task
mgodinez,89,task
mgodinez,88,task
mgodinez,85,task
mgodinez,86,task
mgodinez,62,task
mgodinez,61,task
mgodinez,58,task
mgodinez,59,task
mgodinez,68,task
mgodinez,68,task
mgodinez,120,task
mgodinez,112,task
mgodinez,78,task
mgodinez,78,task
mgodinez,48,task
mgodinez,47,task
mgodinez,95,task
mgodinez,88,task
mgodinez,115,task
mgodinez,116,task
mgodinez,68,task
mgodinez,61,task
mgodinez,66,task
mgodinez,55,task
mgodinez,54,task
mgodinez,95,task
mgodinez,94,task
mgodinez,124,task
mgodinez,123,task
mgodinez,95,task
mgodinez,94,task
mgodinez,133,task
mgodinez,119,task
mgodinez,197,task
mgodinez,197,task
mgodinez,195,task
mgodinez,13,task
mgodinez,124,task
mgodinez,163,task
mgodinez,40,task
mgodinez,101,task
mgodinez,98,task
mgodinez,99,task
mgodinez,128,task
mgodinez,126,task
mgodinez,126,task
mgodinez,125,task
mgodinez,69,task
mgodinez,40,task
mgodinez,41,task
mgodinez,40,task
mgodinez,50,task
mgodinez,42,task
mgodinez,47,task
mgodinez,47,task
mgodinez,59,task
mgodinez,36,task
mgodinez,37,task
mgodinez,36,task
mgodinez,35,task
mgodinez,53,task
mgodinez,53,task
mgodinez,53,task
mgodinez,39,task
mgodinez,39,task
mgodinez,37,task
mgodinez,37,task
mgodinez,38,task
mgodinez,37,task
mgodinez,30,task
mgodinez,30,task
mgodinez,40,task
mgodinez,40,task
mgodinez,67,task
mgodinez,50,task
mgodinez,50,task
mgodinez,48,task
mgodinez,48,task
mgodinez,45,task
mgodinez,45,task
mgodinez,69,task
mgodinez,68,task
mgodinez,66,task
mgodinez,65,task
mgodinez,64,task
mgodinez,60,task
mgodinez,63,task
mgodinez,51,task
mgodinez,51,task
mgodinez,49,task
mgodinez,53,task
mgodinez,72,task
mgodinez,71,task
mgodinez,67,task
mgodinez,69,task
mgodinez,61,task
mgodinez,52,task
mgodinez,68,task
mgodinez,112,task
mgodinez,111,task
mgodinez,110,task
mgodinez,107,task
mgodinez,108,task
mgodinez,48,task
mgodinez,55,task
mgodinez,54,task
mgodinez,58,task
mgodinez,56,task
mgodinez,56,task
mgodinez,57,task
mgodinez,39,task
mgodinez,54,task
mgodinez,58,task
mgodinez,59,task
mgodinez,53,task
mgodinez,52,task
mgodinez,70,task
mgodinez,70,task
mgodinez,83,task
mgodinez,84,task
mgodinez,81,task
mgodinez,59,task
mgodinez,58,task
mgodinez,57,task
mgodinez,54,task
mgodinez,55,task
mgodinez,51,task
mgodinez,48,task
mgodinez,55,task
mgodinez,57,task
mgodinez,11,task
mgodinez,8,task
mgodinez,68,task
mgodinez,79,task
mgodinez,78,task
mgodinez,100,task
mgodinez,98,task
mgodinez,124,task
mgodinez,126,task
mgodinez,168,task
mgodinez,65,task
mgodinez,65,task
mgodinez,63,task
mgodinez,62,task
mgodinez,61,task
mgodinez,58,task
mgodinez,45,task
mgodinez,44,task
mgodinez,162,task
mgodinez,11,task
mgodinez,11,task
mgodinez,10,task
mgodinez,7,task
mgodinez,90,task
mgodinez,90,task
mgodinez,89,task
mgodinez,287,task
mgodinez,284,task
mgodinez,285,task
mgodinez,63,task
mgodinez,65,task
mgodinez,75,task
mgodinez,85,task
mgodinez,73,task
mgodinez,68,task
mgodinez,8,task
mgodinez,50,task
mgodinez,80,task
mgodinez,62,task
mgodinez,73,task
mgodinez,74,task
mgodinez,49,task
mgodinez,49,task
mgodinez,3,task
mgodinez,103,task
mgodinez,102,task
mgodinez,98,task
mgodinez,45,task
mgodinez,58,task
mgodinez,55,task
mgodinez,51,task
mgodinez,53,task
mgodinez,58,task
mgodinez,88,task
mgodinez,60,task
mgodinez,45,task
mgodinez,69,task
mgodinez,54,task
mgodinez,47,task
mgodinez,58,task
mgodinez,108,task
mgodinez,67,task
mgodinez,97,task
mgodinez,101,task
mgodinez,46,task
mgodinez,42,task
mgodinez,41,task
mgodinez,41,task
mgodinez,50,task
mgodinez,49,task
mgodinez,58,task
mgodinez,57,task
mgodinez,43,task
mgodinez,56,task
mgodinez,57,task
mgodinez,46,task
mgodinez,54,task
mgodinez,53,task
mgodinez,53,task
mgodinez,64,task
mgodinez,57,task
mgodinez,73,task
mgodinez,73,task
mgodinez,44,task
mgodinez,47,task
mgodinez,47,task
mgodinez,40,task
mgodinez,46,task
mgodinez,59,task
mgodinez,57,task
mgodinez,50,task
mgodinez,45,task
mgodinez,49,task
mgodinez,51,task
mgodinez,64,task
mgodinez,47,task
mgodinez,46,task
mgodinez,77,task
mgodinez,67,task
mgodinez,67,task
mgodinez,66,task
mgodinez,54,task
mgodinez,38,task
mgodinez,35,task
mgodinez,50,task
mgodinez,50,task
mgodinez,35,task
mgodinez,35,task
mgodinez,50,task
mgodinez,108,task
mgodinez,81,task
mgodinez,63,task
mgodinez,4,task
mgodinez,55,task
mgodinez,44,task
mgodinez,43,task
mgodinez,44,task
mgodinez,56,task
mgodinez,52,task
mgodinez,53,task
mgodinez,52,task
mgodinez,69,task
mgodinez,72,task
mgodinez,46,task
mgodinez,39,task
mgodinez,54,task
mgodinez,49,task
mgodinez,120,task
mgodinez,64,task
mgodinez,61,task
mgodinez,62,task
mgodinez,39,task
mgodinez,9,task
mgodinez,4,task
mgodinez,54,task
mgodinez,47,task
mgodinez,47,task
mgodinez,46,task
mgodinez,43,task
mgodinez,56,task
mgodinez,47,task
mgodinez,75,task
mgodinez,72,task
mgodinez,55,task
mgodinez,59,task
mgodinez,63,task
mgodinez,52,task
mgodinez,38,task
mgodinez,38,task
mgodinez,53,task
mgodinez,42,task
mgodinez,45,task
mgodinez,63,task
mgodinez,4,task
mgodinez,53,task
mgodinez,48,task
mgodinez,69,task
mgodinez,46,task
mgodinez,61,task
mgodinez,114,task
mgodinez,88,task
mgodinez,86,task
mgodinez,86,task
mgodinez,112,task
mgodinez,120,task
mgodinez,119,task
mgodinez,114,task
mgodinez,113,task
mgodinez,110,task
mgodinez,183,task
mgodinez,182,task
mgodinez,91,task
mgodinez,113,task
mgodinez,113,task
mgodinez,141,task
mgodinez,141,task
mgodinez,158,task
mgodinez,156,task
mgodinez,156,task
mgodinez,155,task
mgodinez,154,task
mgodinez,106,task
mgodinez,104,task
mgodinez,104,task
mgodinez,102,task
mgodinez,102,task
mgodinez,102,task
mgodinez,101,task
mgodinez,100,task
mgodinez,99,task
mgodinez,98,task
mgodinez,97,task
mgodinez,96,task
mgodinez,95,task
mgodinez,94,task
mgodinez,93,task
mgodinez,91,task
mgodinez,90,task
mgodinez,90,task
mgodinez,88,task
mgodinez,23,task
mgodinez,3,task
mgodinez,72,task
mgodinez,70,task
mgodinez,70,task
mgodinez,51,task
mgodinez,49,task
mgodinez,49,task
mgodinez,50,task
mgodinez,50,task
mgodinez,57,task
mgodinez,55,task
mgodinez,55,task
mgodinez,54,task
mgodinez,41,task
mgodinez,5,task
mgodinez,53,task
mgodinez,59,task
mgodinez,62,task
mgodinez,71,task
mgodinez,70,task
mgodinez,88,task
mgodinez,88,task
mgodinez,58,task
mgodinez,73,task
mgodinez,87,task
mgodinez,77,task
mgodinez,63,task
mgodinez,60,task
mgodinez,61,task
mgodinez,60,task
mgodinez,58,task
mgodinez,58,task
mgodinez,65,task
mgodinez,64,task
mgodinez,6,task
mgodinez,49,task
mgodinez,88,task
mgodinez,87,task
mgodinez,75,task
mgodinez,85,task
mgodinez,90,task
mgodinez,90,task
mgodinez,89,task
mgodinez,87,task
mgodinez,87,task
mgodinez,85,task
mgodinez,85,task
mgodinez,83,task
mgodinez,83,task
mgodinez,95,task
mgodinez,93,task
mgodinez,92,task
mgodinez,92,task
mgodinez,91,task
mgodinez,89,task
mgodinez,88,task
mgodinez,88,task
mgodinez,86,task
mgodinez,86,task
mgodinez,84,task
mgodinez,83,task
mgodinez,83,task
mgodinez,82,task
mgodinez,80,task
mgodinez,80,task
mgodinez,78,task
mgodinez,77,task
mgodinez,77,task
mgodinez,89,task
mgodinez,88,task
mgodinez,88,task
mgodinez,86,task
mgodinez,86,task
mgodinez,84,task
mgodinez,84,task
mgodinez,82,task
mgodinez,82,task
mgodinez,80,task
mgodinez,80,task
mgodinez,79,task
mgodinez,77,task
mgodinez,76,task
mgodinez,76,task
mgodinez,75,task
mgodinez,72,task
mgodinez,73,task
mgodinez,71,task
mgodinez,70,task
mgodinez,70,task
mgodinez,24,task
mgodinez,25,task
mgodinez,23,task
mgodinez,22,task
mgodinez,22,task
mgodinez,21,task
mgodinez,18,task
mgodinez,18,task
mgodinez,18,task
mgodinez,17,task
mgodinez,15,task
mgodinez,15,task
mgodinez,14,task
mgodinez,8,task
mgodinez,96,task
mgodinez,76,task
mgodinez,76,task
mgodinez,73,task
mgodinez,74,task
mgodinez,72,task
mgodinez,72,task
mgodinez,71,task
mgodinez,83,task
mgodinez,81,task
mgodinez,81,task
mgodinez,3,home
mgodinez,5,home
mgodinez,57,task
mgodinez,58,task
mgodinez,54,task
mgodinez,80,task
mgodinez,140,task
agaray,34,task
agaray,207,task
mmcclellan,54,home
mmcclellan,39,home
mmcclellan,66,home
lroyston,45,task
lroyston,44,task
lroyston,114,task
lroyston,37,task
lroyston,41,task
farinze,20,home
dswan,85,task
dswan,48,task
dswan,76,task
dswan,93,task
dswan,62,task
dswan,92,task
dswan,88,task
dswan,61,task
dswan,146,task
dswan,157,task
dswan,143,task
dswan,62,task
dswan,65,task
dswan,54,task
dswan,163,task
dswan,177,task
dswan,132,task
dswan,63,task
dswan,50,task
dswan,105,task
dswan,240,task
dswan,207,task
dswan,200,task
dswan,74,task
dswan,70,home
dswan,83,home
dswan,81,home
dswan,75,home
dswan,75,home
dswan,62,home
dswan,58,home
dswan,69,home
dswan,52,task
dswan,20,home
dswan,13,task
dswan,62,home
dswan,90,task
dswan,61,task
dswan,86,home
dswan,127,task
dswan,84,task
dswan,65,task
dswan,72,task
dswan,75,task
dswan,124,task
dswan,163,task
dswan,156,task
dswan,156,task
dswan,122,task
dswan,225,task
dswan,223,task
dswan,120,task
dswan,71,task
dswan,48,task
dswan,65,task
dswan,29,task
dswan,22,task
dswan,21,task
dswan,12,task
dswan,112,task
dswan,145,task
dswan,143,task
dswan,98,task
dswan,157,task
dswan,194,task
dswan,60,task
dswan,18,task
dswan,142,task
dswan,80,task
dswan,164,task
dswan,248,task
dswan,74,task
dswan,86,task
dcastellon,10,home
dcastellon,965,task
dcastellon,375,task
dcastellon,474,task
dcastellon,244,task
dcastellon,242,task
kcantrell,98,task
kcantrell,97,task
kcantrell,78,task
kcantrell,9,task
kcantrell,67,task
kcantrell,5,home
kcantrell,5,home
kcantrell,64,task
kcantrell,142,task
kcantrell,17,home
kcantrell,124,task
kcantrell,123,task
kcantrell,34,task
kcantrell,13,home
kcantrell,18,task
kcantrell,4,home
kcantrell,109,task
kcantrell,197,task
kcantrell,196,task
kcantrell,193,task
kcantrell,142,task
kcantrell,97,task
kcantrell,18,home
kcantrell,48,task
kcantrell,106,task
kcantrell,130,task
kcantrell,31,task
kcantrell,31,task
kcantrell,150,task
kcantrell,11,home
kcantrell,133,task
kcantrell,79,home
kcantrell,73,home
kcantrell,61,home
kcantrell,61,home
kcantrell,48,home
kcantrell,17,home
kcantrell,32,home
kcantrell,9,home
kcantrell,5,home
kcantrell,13,home
kcantrell,5,home
kcantrell,262,task
kcantrell,8,home
kcantrell,8,task
kcantrell,156,task
kcantrell,35,home
vwilliams,119,task
vwilliams,3,task
vwilliams,282,task
vwilliams,278,task
vwilliams,22,task
vwilliams,8,home
vwilliams,4,home
vwilliams,193,task
vwilliams,3,home
vwilliams,48,task
vwilliams,33,task
vwilliams,36,task
vwilliams,14,task
vwilliams,28,home
vwilliams,13,home
vwilliams,10,home
vwilliams,6,home
vwilliams,274,task
vwilliams,345,task
rdouglas,6,home
rdouglas,96,task
mbrown,144,task
mbrown,94,task
mbrown,128,task
mbrown,157,task
mbrown,99,task
mbrown,89,task
mbrown,111,task
mbrown,110,task
mbrown,82,task
mbrown,104,task
mbrown,90,task
mbrown,152,task
mbrown,6,task
mbrown,9,task
mbrown,17,task
mbrown,5,task
mbrown,6,task
mbrown,6,task
mbrown,9,task
mbrown,6,task
mbrown,81,task
mbrown,6,task
mbrown,19,task
mbrown,19,task
mbrown,6,task
mbrown,96,task
mbrown,80,task
mbrown,84,task
mbrown,79,task
mbrown,8,task
mbrown,3,task
mbrown,109,task
mbrown,103,task
mbrown,84,task
mbrown,75,task
mbrown,116,task
mbrown,77,task
mbrown,115,task
mbrown,155,task
mbrown,82,task
mbrown,138,task
mbrown,84,task
mbrown,91,task
mbrown,78,task
mbrown,71,task
mbrown,5,task
mbrown,108,task
mbrown,97,task
mbrown,5,task
mbrown,134,task
mbrown,74,task
mbrown,75,task
mbrown,87,task
mbrown,5,task
mbrown,79,task
mbrown,5,task
mbrown,9,task
mbrown,6,task
mbrown,3,task
mbrown,4,task
mbrown,9,task
mbrown,53,task
mbrown,35,task
mbrown,243,task
mbrown,265,task
mbrown,108,task
mbrown,112,task
mbrown,109,task
mbrown,106,task
mbrown,139,task
mbrown,99,task
mbrown,67,task
mbrown,85,task
mbrown,113,task
mbrown,128,task
mbrown,102,task
mbrown,94,task
mbrown,106,task
mbrown,121,task
mbrown,83,task
mbrown,102,task
mbrown,100,task
mbrown,91,task
mbrown,110,task
mbrown,102,task
mbrown,101,task
mbrown,153,task
mbrown,107,task
mbrown,84,task
mbrown,88,task
mbrown,79,task
mbrown,86,task
mbrown,84,task
mbrown,59,task
mbrown,69,task
mbrown,73,task
mbrown,71,task
mbrown,117,task
mbrown,95,task
mbrown,85,task
mbrown,83,task
mbrown,82,task
mbrown,84,task
mbrown,58,task
mbrown,102,task
mbrown,82,task
mbrown,4,task
mbrown,72,task
mbrown,63,task
mbrown,61,task
mbrown,5,task
mbrown,134,task
mbrown,131,task
mbrown,188,task
mbrown,150,task
mbrown,131,task
mbrown,110,task
mbrown,90,task
mbrown,115,task
mbrown,138,task
mbrown,92,task
mbrown,91,task
mbrown,149,task
mbrown,142,task
mbrown,105,task
mbrown,109,task
mbrown,91,task
mbrown,90,task
mbrown,66,task
mbrown,74,task
mbrown,99,task
mbrown,100,task
mbrown,16,task
mbrown,157,task
mbrown,133,task
mbrown,110,task
mbrown,167,task
mbrown,110,task
mbrown,113,task
mbrown,40,task
mbrown,96,task
mbrown,81,task
mbrown,117,task
mbrown,105,task
mbrown,155,task
mbrown,4,home
mbrown,121,task
mbrown,111,task
mbrown,145,task
mbrown,100,task
mbrown,100,task
mbrown,121,task
mbrown,147,task
mbrown,85,task
mbrown,96,task
mbrown,154,task
mbrown,139,task
mbrown,150,task
mbrown,131,task
mbrown,130,task
mbrown,165,task
mbrown,167,task
mbrown,115,task
mbrown,124,task
mbrown,122,task
mbrown,109,task
mbrown,147,task
mbrown,98,task
mbrown,126,task
mbrown,81,task
mbrown,101,task
mbrown,139,task
mbrown,139,task
mbrown,127,task
mbrown,169,task
mbrown,124,task
mbrown,168,task
mbrown,173,task
fessa,355,task
fessa,150,task
ygarner,141,task
thill,71,task
thill,70,task
thill,47,task
thill,79,task
thill,57,task
thill,72,task
thill,64,task
thill,54,task
thill,42,task
thill,44,task
thill,88,task
thill,3,home
thill,181,task
thill,180,task
thill,93,task
thill,38,task
thill,38,task
thill,39,task
thill,31,task
thill,67,task
thill,47,task
thill,74,task
thill,31,task
thill,53,task
thill,99,task
thill,93,task
thill,50,task
thill,34,home
thill,27,home
thill,73,task
thill,70,home
thill,60,home
thill,167,task
thill,22,task
thill,141,task
thill,8,task
thill,213,task
thill,6,home
thill,54,task
thill,62,task
thill,93,task
thill,82,task
thill,75,task
thill,112,task
thill,59,task
thill,21,task
thill,154,task
sjohnson,13,task
sjohnson,21,home
sjohnson,14,home
rblay,7,task
rblay,163,task
rblay,178,task
abarbieri,64,task
abarbieri,47,task
abarbieri,8,home
abarbieri,63,task
abarbieri,46,task
abarbieri,52,task
abarbieri,124,task
abarbieri,121,task
abarbieri,82,task
bpena,57,task
bpena,78,task
bpena,78,task
bpena,115,task
bpena,83,task
bpena,49,task
bpena,70,task
bpena,117,task
iabell,3,task
jfluker,15,home
sdip,9,task
sdip,71,task
sdip,123,task
sdip,21,home
egarelova,89,task
egarelova,4,task
egarelova,174,task
egarelova,105,task
egarelova,135,task
mboilard,24,home
mboilard,35,task
mboilard,26,home
mboilard,29,home
mboilard,21,home
mboilard,16,task
mboilard,38,task
mboilard,18,home
mboilard,26,task
mboilard,40,task
mboilard,22,task
mboilard,26,task
mboilard,20,home
mboilard,23,task
mboilard,34,task
mboilard,6,task
mboilard,21,home
mboilard,27,task
mboilard,6,task
mboilard,21,home
mboilard,29,home
mboilard,16,home
mboilard,9,task
mboilard,16,task
mboilard,20,home
mboilard,29,home
mboilard,25,home
mboilard,20,home
mboilard,20,home
mboilard,21,home
mboilard,17,task
mboilard,7,task
mboilard,23,home
mboilard,7,task
mboilard,23,home
mboilard,23,task
mboilard,31,task
mboilard,20,task
mboilard,25,home
mboilard,23,home
mboilard,24,home
mboilard,21,home
mboilard,60,home
mboilard,47,home
mboilard,5,home
mboilard,10,task
mboilard,28,home
mboilard,13,task
mboilard,34,home
mboilard,30,home
mboilard,24,home
mboilard,3,task
mboilard,36,task
mboilard,26,home
mboilard,27,task
mboilard,22,home
mboilard,19,task
mboilard,18,task
mboilard,32,home
mboilard,31,home
mboilard,22,home
mboilard,25,home
mboilard,38,home
mboilard,28,home
mboilard,21,home
mboilard,23,home
mboilard,40,home
mboilard,25,home
mboilard,28,home
mboilard,27,home
mboilard,31,home
mboilard,24,home
mboilard,35,task
mboilard,4,task
mboilard,25,home
mboilard,44,task
mboilard,11,task
mboilard,25,home
mboilard,3,task
mboilard,25,home
mboilard,57,home
mboilard,18,home
mboilard,28,home
mboilard,24,home
mboilard,34,home
mboilard,30,home
mboilard,24,task
mboilard,22,home
mboilard,14,task
mboilard,31,task
mboilard,29,task
mboilard,16,home
mboilard,46,task
mboilard,21,home
mboilard,25,task
mboilard,3,home
mboilard,25,home
mboilard,14,home
mboilard,27,task
mboilard,14,task
mboilard,36,home
mboilard,33,home
mboilard,34,home
mboilard,49,home
mboilard,27,home
mboilard,17,task
mboilard,44,home
mboilard,39,home
mboilard,20,task
mboilard,34,home
mboilard,40,home
mboilard,43,home
mboilard,45,home
mboilard,34,task
mboilard,44,home
mboilard,18,home
mboilard,26,task
mboilard,48,home
mboilard,30,home
mboilard,33,home
mboilard,29,home
mboilard,37,home
mboilard,30,home
mboilard,32,home
mboilard,56,home
mboilard,31,home
mboilard,43,home
mboilard,38,home
mboilard,72,task
mboilard,17,home
mboilard,26,home
mboilard,39,home
mboilard,7,home
mboilard,34,task
mboilard,25,home
mboilard,8,home
mboilard,4,home
mboilard,4,home
mboilard,23,home
mboilard,70,task
mboilard,29,home
mboilard,29,home
mboilard,26,home
mboilard,29,home
mboilard,61,task
mboilard,23,home
mboilard,29,home
mboilard,26,home
mboilard,20,home
mboilard,27,home
mboilard,47,home
mboilard,39,home
mboilard,38,home
mboilard,17,task
mboilard,16,home
mboilard,12,home
mboilard,22,task
mboilard,11,home
mboilard,19,task
mboilard,10,home
mboilard,11,home
mboilard,66,home
mboilard,15,home
mboilard,33,home
mboilard,10,home
mboilard,36,task
mboilard,60,task
mboilard,57,task
mboilard,35,home
mboilard,27,home
mboilard,22,home
mboilard,45,task
mboilard,18,home
mboilard,29,task
mboilard,23,home
mboilard,39,home
mboilard,16,home
mboilard,16,home
mboilard,16,home
mboilard,17,home
mboilard,14,home
mboilard,24,task
mboilard,4,task
mboilard,45,home
mboilard,13,home
mboilard,19,home
mboilard,223,task
mboilard,218,task
mboilard,95,task
mboilard,80,task
mboilard,157,task
mboilard,31,home
mboilard,172,task
mboilard,83,task
mboilard,138,task
mboilard,108,task
mboilard,91,task
mboilard,17,home
mboilard,4,home
mboilard,25,task
mboilard,17,home
mboilard,27,home
mboilard,11,home
mboilard,23,home
mboilard,36,home
mboilard,12,home
mboilard,10,home
mboilard,43,task
mboilard,36,home
mboilard,49,home
mboilard,20,home
mboilard,42,home
mboilard,41,home
mboilard,42,task
mboilard,63,home
mboilard,50,task
mboilard,47,task
mboilard,18,home
mboilard,35,home
mboilard,13,home
mboilard,37,home
mboilard,22,home
mboilard,36,home
mboilard,30,home
mboilard,41,home
mboilard,46,home
mboilard,33,home
mboilard,60,task
mboilard,70,task
mboilard,31,home
mboilard,13,home
mboilard,13,home
mboilard,5,home
mboilard,33,home
mboilard,30,home
mboilard,32,home
mboilard,46,home
mboilard,24,home
mboilard,34,home
mboilard,23,home
mboilard,29,home
mboilard,26,home
mboilard,25,home
mboilard,17,home
mboilard,30,home
mboilard,29,home
mboilard,32,home
mboilard,23,home
mboilard,34,home
mboilard,5,home
mboilard,24,home
mboilard,30,home
mboilard,28,home
mboilard,32,home
mboilard,25,home
mboilard,46,home
mboilard,29,home
mboilard,27,home
mboilard,17,home
mboilard,19,home
mboilard,37,home
mboilard,4,home
mboilard,33,task
mboilard,29,home
mboilard,30,home
mboilard,13,home
mboilard,30,home
mboilard,27,home
mboilard,32,home
mboilard,24,home
mboilard,29,home
mboilard,27,home
mboilard,30,home
mboilard,27,home
mboilard,21,home
mboilard,30,task
mboilard,28,task
mboilard,16,task
mboilard,36,home
mboilard,44,home
mboilard,36,home
mboilard,26,home
mboilard,28,task
mboilard,20,home
mboilard,36,home
mboilard,36,home
mboilard,34,home
mboilard,4,home
mboilard,31,home
mboilard,31,home
mboilard,33,home
mboilard,33,home
mboilard,51,home
mboilard,80,task
mboilard,28,home
mboilard,27,home
mboilard,23,home
mboilard,25,home
mboilard,25,home
mboilard,47,home
mboilard,29,home
mboilard,12,task
mboilard,33,home
mboilard,61,home
mboilard,39,home
mboilard,102,task
mboilard,37,home
mboilard,60,task
mboilard,215,task
mboilard,207,task
mboilard,215,task
mboilard,91,task
mboilard,91,task
mboilard,32,home
mboilard,3,home
mboilard,40,home
mboilard,31,home
mboilard,44,home
mboilard,40,home
mboilard,21,task
mboilard,37,home
mboilard,12,home
mboilard,29,home
mboilard,28,home
mboilard,33,home
mboilard,21,home
mboilard,20,home
mboilard,12,home
mboilard,37,home
mboilard,18,home
mboilard,18,task
mboilard,3,home
mboilard,26,task
mboilard,34,home
mboilard,25,home
mboilard,33,home
mboilard,28,home
mboilard,165,task
mboilard,78,task
mboilard,122,task
mboilard,129,task
mboilard,103,home
mboilard,95,home
mboilard,99,task
mboilard,78,home
mboilard,55,home
mboilard,40,home
mboilard,32,home
mboilard,13,home
mboilard,32,home
mboilard,35,home
mboilard,14,home
mboilard,80,task
mboilard,17,home
mboilard,8,home
mboilard,35,task
mboilard,78,task
mboilard,15,task
mboilard,48,task
mboilard,20,home
mboilard,6,home
mboilard,29,home
mboilard,9,home
mboilard,22,home
mboilard,13,home
mboilard,36,home
mboilard,23,home
mboilard,46,task
mboilard,69,task
mboilard,30,home
mboilard,30,home
mboilard,22,home
mboilard,14,home
mboilard,28,home
mboilard,4,home
mboilard,13,task
mboilard,31,home
mboilard,30,home
mboilard,35,home
mboilard,30,home
mboilard,27,home
mboilard,32,task
mboilard,87,task
mboilard,6,task
mboilard,78,task
mboilard,46,task
mboilard,51,task
mboilard,49,task
mboilard,122,task
mboilard,41,task
mboilard,49,task
cspivey,19,home
dho,569,task
dho,47,home
jwilliams,139,task
jwilliams,143,task
jwilliams,82,task
jwilliams,64,task
ainfelice,20,home
athrower,76,task
athrower,7,home
aumbro,224,task
aumbro,163,task
awayne,76,task
awayne,102,task
awayne,132,task
awayne,129,task
bmark,218,task
bmark,30,home
bmark,20,home
cbourdon,137,task
dwest,31,task
dwest,3,home
dwest,48,home
dwest,26,task
dwest,8,task
dwest,57,task
dwest,30,task
dwest,18,task
dwest,19,task
dwest,12,task
dwest,32,home
dwest,7,task
dwest,20,task
dwest,27,task
dwest,10,task
dwest,27,task
dwest,35,home
dwest,26,task
dwest,53,task
dwest,38,task
dwest,52,home
dwest,39,task
dwest,17,task
dwest,15,task
dwest,31,task
dwest,30,task
dwest,22,task
dwest,13,task
dwest,30,task
dwest,8,task
dwest,24,task
dwest,17,task
dwest,41,task
dwest,8,task
dwest,27,task
dwest,7,task
dwest,34,task
dwest,97,task
dwest,10,home
dwest,18,task
dwest,18,task
dwest,97,task
eniedermeyer,94,task
eniedermeyer,69,task
eniedermeyer,157,task
eniedermeyer,120,task
eniedermeyer,18,task
eniedermeyer,156,task
gallen,22,home
gallen,16,home
gbanks,75,task
grodriguez,3,home
grodriguez,19,task
grodriguez,14,task
grodriguez,21,task
grodriguez,15,task
grodriguez,13,task
grodriguez,14,task
grodriguez,16,task
grodriguez,12,task
grodriguez,17,task
grodriguez,19,task
grodriguez,29,task
grodriguez,3,home
grodriguez,3,home
grodriguez,31,task
grodriguez,26,task
grodriguez,23,task
grodriguez,18,task
grodriguez,18,home
grodriguez,18,home
grodriguez,3,task
grodriguez,18,task
grodriguez,5,home
grodriguez,24,task
grodriguez,23,task
grodriguez,19,task
grodriguez,12,task
grodriguez,45,task
grodriguez,171,task
grodriguez,94,task
grodriguez,27,task
grodriguez,37,task
grodriguez,17,task
grodriguez,79,task
grodriguez,29,task
grodriguez,33,task
grodriguez,24,task
grodriguez,28,task
grodriguez,24,task
grodriguez,25,task
grodriguez,24,task
grodriguez,19,task
grodriguez,16,task
grodriguez,5,home
grodriguez,19,task
grodriguez,15,task
grodriguez,14,task
grodriguez,18,task
grodriguez,5,home
grodriguez,9,home
grodriguez,80,task
grodriguez,23,task
grodriguez,39,task
grodriguez,4,home
grodriguez,50,task
hchun,41,task
hchun,41,task
hchun,83,task
hchun,59,home
hchun,54,home
hchun,45,home
jguinto,4,task
jguinto,4,task
jguinto,4,home
jguinto,64,home
jguinto,10,task
jguinto,13,task
jguinto,61,task
jguinto,112,task
jpearson,217,task
jpearson,140,task
jsalcedo,134,task
kakelly,153,task
kakelly,67,home
kakelly,174,task
kdyer,5,home
kdyer,91,task
kdyer,122,task
kdyer,17,task
kdyer,52,home
kdyer,54,home
kdyer,49,home
kdyer,280,task
kdyer,290,task
kdyer,268,task
kdyer,248,task
kdyer,187,task
kdyer,151,task
kdyer,132,task
kdyer,18,home
kdyer,13,home
kdyer,161,task
kpeirce,31,task
kpeirce,16,task
kpeirce,42,task
kpeirce,36,task
kpeirce,36,task
kpeirce,3,home
kpeirce,9,home
kpeirce,100,task
kpeirce,165,task
kpeirce,7,task
kpeirce,159,task
kpeirce,151,task
ldimasi,120,task
ldimasi,60,home
lwilliams,30,task
lwilliams,108,task
lwilliams,60,task
lwilliams,7,home
lwilliams,171,task
lwilliams,38,home
lwilliams,102,task
lwilliams,98,task
lwilliams,21,home
lyoung,5,task
mantonini,43,task
mantonini,78,task
mantonini,87,task
mantonini,48,task
mantonini,84,task
mantonini,26,task
mantonini,42,task
mantonini,90,task
mantonini,59,task
mantonini,54,task
mantonini,61,task
mantonini,41,task
mantonini,37,task
mantonini,31,task
mantonini,116,task
mantonini,111,task
mantonini,55,task
mantonini,71,task
mantonini,42,task
mantonini,58,task
mantonini,83,task
mantonini,68,task
mantonini,40,task
mantonini,41,home
mantonini,7,home
mantonini,5,home
mantonini,55,task
mantonini,59,task
mantonini,59,task
mantonini,69,task
mantonini,121,task
mantonini,69,task
mantonini,69,task
mantonini,69,task
mantonini,141,task
mantonini,134,task
mantonini,81,task
mantonini,210,task
mantonini,177,task
mantonini,160,task
mantonini,131,task
mantonini,120,task
mantonini,77,task
mantonini,59,task
mantonini,95,task
mantonini,9,home
mantonini,8,home
mflint,169,task
mkazais,8,home
mkazais,86,task
mkazais,82,task
mkazais,72,task
mkazais,79,task
mkazais,162,task
mkazais,63,task
mkazais,116,task
mkazais,58,task
mkazais,70,home
mkazais,54,task
mkazais,102,task
mkazais,100,task
mkazais,36,home
mkazais,28,home
mkazais,11,home
mkazais,7,home
mkazais,68,home
mkazais,138,task
mkazais,15,home
mkazais,38,task
mkazais,32,task
mkazais,27,task
mkazais,15,home
mkazais,11,home
mkazais,7,home
mkazais,6,task
mkazais,11,home
mkazais,9,home
mkazais,6,home
mkazais,6,task
nakhter,9,home
nakhter,209,task
nakhter,180,task
nakhter,294,task
pcatucci,58,task
pcatucci,57,task
pcatucci,60,task
pcatucci,5,task
rblames,342,task
rblames,59,home
rblames,191,task
rblames,24,home
rblames,204,task
rblames,148,task
rquintana,49,task
rquintana,100,task
schaykler,118,home
schaykler,65,task
schaykler,175,task
schaykler,158,task
schaykler,75,task
schaykler,111,task
schaykler,92,task
schaykler,159,task
schaykler,39,task
schaykler,125,task
schaykler,105,task
schaykler,107,task
schaykler,102,task
schaykler,71,task
schaykler,186,task
schaykler,75,home
schaykler,184,task
schaykler,158,task
schaykler,145,task
schaykler,110,task
schaykler,96,task
schaykler,103,task
schaykler,195,task
schaykler,73,task
schaykler,73,task
schaykler,104,task
schaykler,156,task
schaykler,162,task
schaykler,61,task
schaykler,142,task
schaykler,157,task
schaykler,141,task
schaykler,223,task
schaykler,69,task
schaykler,114,task
schaykler,94,task
schaykler,109,task
schaykler,53,task
schaykler,3,home
schaykler,68,task
schaykler,65,task
schaykler,165,task
schaykler,385,task
schaykler,213,task
schaykler,43,task
schaykler,90,task
schaykler,92,task
schaykler,79,task
schaykler,104,task
schaykler,108,task
schaykler,58,task
schaykler,154,task
schaykler,155,task
schaykler,143,task
schaykler,67,task
schaykler,120,task
schaykler,218,task
schaykler,144,task
schaykler,117,task
schaykler,197,task
schaykler,261,task
schaykler,234,task
schaykler,246,task
schaykler,147,task
schaykler,54,task
schaykler,4,home
schaykler,128,task
schaykler,142,task
schaykler,143,task
schaykler,257,task
schaykler,133,task
schaykler,117,task
schaykler,135,task
schaykler,5,task
schaykler,161,task
schaykler,216,task
schaykler,208,task
schaykler,114,task
schaykler,147,task
schaykler,198,task
schaykler,114,home
schaykler,167,task
schaykler,253,task
schaykler,90,home
schaykler,20,home
schaykler,138,task
schaykler,139,task
schaykler,100,task
schaykler,109,task
schaykler,182,task
schaykler,172,task
schaykler,262,task
schaykler,65,task
schaykler,161,task
schaykler,7,task
schaykler,12,task
schaykler,200,task
schaykler,194,task
schaykler,196,task
schaykler,149,task
schaykler,151,task
schaykler,249,task
schaykler,248,task
schaykler,204,task
schaykler,200,task
schaykler,202,task
schaykler,3,task
schaykler,160,task
schaykler,220,task
schaykler,14,task
schaykler,24,task
schaykler,232,task
schaykler,213,task
schaykler,63,task
schaykler,175,task
schaykler,91,task
schaykler,155,task
schaykler,163,task
schaykler,224,task
schaykler,198,task
schaykler,103,task
schaykler,136,task
schaykler,132,task
schaykler,140,task
schaykler,93,task
schaykler,141,task
schaykler,157,task
schaykler,123,task
schaykler,142,task
schaykler,149,task
schaykler,251,task
schaykler,67,task
schaykler,51,task
schaykler,84,task
schaykler,73,task
schaykler,67,task
schaykler,143,task
schaykler,246,task
schaykler,247,task
schaykler,180,task
schaykler,24,task
schaykler,32,task
schaykler,30,task
schaykler,59,task
schaykler,43,task
schaykler,73,task
schaykler,133,task
schaykler,136,task
schaykler,218,task
schaykler,357,task
schaykler,119,task
schaykler,171,task
schaykler,168,task
schaykler,169,task
schaykler,150,task
schaykler,281,task
schaykler,91,task
schaykler,121,task
schaykler,106,task
schaykler,297,task
schaykler,297,task
schaykler,77,task
schaykler,134,task
schaykler,100,task
schaykler,62,task
schaykler,59,task
schaykler,102,task
schaykler,110,task
schaykler,155,task
schaykler,73,task
schaykler,229,task
schaykler,156,task
schaykler,154,task
schaykler,238,task
schaykler,132,task
schaykler,169,task
schaykler,167,task
schaykler,84,task
schaykler,72,task
schaykler,121,task
schaykler,122,task
schaykler,121,task
schaykler,8,home
schaykler,131,task
schaykler,68,task
schaykler,68,task
schaykler,136,task
schaykler,154,task
schaykler,123,task
schaykler,163,task
schaykler,177,task
schaykler,376,task
schaykler,302,task
schaykler,300,task
schaykler,298,task
schaykler,185,task
schaykler,100,task
schaykler,124,task
schaykler,27,task
schaykler,37,task
schaykler,135,task
schaykler,291,task
schaykler,151,task
schaykler,130,task
schaykler,133,task
schaykler,282,task
schaykler,288,task
schaykler,134,task
schaykler,272,task
schaykler,245,task
schaykler,145,task
schaykler,188,task
schaykler,125,task
schaykler,221,task
schaykler,224,task
schaykler,28,home
schaykler,57,home
schaykler,175,task
schaykler,219,task
schaykler,214,task
schaykler,163,task
schaykler,164,task
schaykler,162,task
schaykler,162,task
schaykler,194,task
schaykler,124,task
schaykler,217,task
schaykler,268,task
schaykler,79,task
schaykler,73,task
schaykler,26,task
schaykler,163,task
schaykler,163,task
schaykler,189,task
schaykler,345,task
schaykler,168,task
schaykler,159,task
schaykler,383,task
schaykler,380,task
schaykler,159,task
schaykler,153,task
schaykler,97,task
schaykler,314,task
schaykler,154,task
schaykler,98,task
schaykler,89,task
schaykler,98,task
schaykler,31,task
schaykler,112,task
schaykler,197,task
schaykler,175,task
schaykler,298,task
schaykler,151,task
schaykler,145,task
schaykler,130,task
schaykler,292,task
schaykler,284,task
schaykler,170,task
schaykler,12,home
schaykler,58,task
schaykler,176,task
schaykler,178,task
schaykler,153,task
schaykler,155,task
schaykler,118,task
schaykler,65,home
schaykler,206,task
schaykler,192,task
schaykler,211,task
schaykler,213,task
schaykler,168,task
schaykler,117,task
schaykler,134,task
schaykler,318,task
schaykler,300,task
schaykler,14,task
schaykler,213,task
schaykler,217,task
schaykler,242,task
schaykler,241,task
schaykler,160,task
schaykler,161,task
schaykler,176,task
schaykler,173,task
schaykler,175,task
schaykler,247,task
schaykler,186,task
schaykler,159,task
schaykler,159,task
schaykler,187,task
schaykler,98,task
schaykler,96,task
schaykler,4,home
schaykler,203,task
schaykler,148,task
schaykler,90,task
schaykler,81,task
schaykler,67,home
schaykler,115,home
schaykler,142,task
schaykler,163,task
schaykler,130,task
schaykler,64,home
schaykler,134,task
schaykler,157,task
schaykler,30,task
schaykler,164,task
schaykler,72,task
schaykler,71,task
schaykler,131,task
schaykler,110,task
schaykler,162,task
schaykler,186,task
schaykler,188,task
schaykler,153,task
schaykler,153,task
schaykler,77,task
schaykler,71,task
schaykler,167,task
schaykler,109,task
schaykler,105,task
schaykler,131,task
schaykler,89,task
schaykler,123,task
schaykler,115,task
schaykler,113,task
schaykler,282,task
schaykler,183,task
schaykler,50,task
schaykler,24,task
schaykler,155,task
schaykler,155,task
schaykler,149,task
schaykler,26,task
schaykler,160,task
schaykler,160,task
schaykler,148,task
schaykler,148,task
schaykler,121,task
schaykler,239,task
schaykler,83,task
schaykler,165,task
schaykler,85,task
schaykler,100,task
schaykler,97,task
schaykler,234,task
schaykler,78,task
schaykler,117,task
schaykler,114,task
schaykler,115,task
schaykler,74,task
schaykler,211,task
schaykler,157,task
schaykler,193,task
schaykler,278,task
schaykler,98,task
schaykler,138,task
schaykler,184,task
schaykler,184,task
schaykler,239,task
schaykler,75,task
schaykler,124,task
schaykler,124,task
schaykler,151,task
schaykler,190,task
schaykler,101,task
schaykler,104,task
schaykler,178,task
schaykler,225,task
schaykler,105,task
schaykler,180,task
schaykler,131,task
schaykler,125,task
schaykler,126,task
schaykler,94,task
schaykler,196,task
schaykler,104,task
schaykler,217,task
schaykler,192,task
schaykler,193,task
schaykler,154,task
schaykler,134,task
schaykler,263,task
schaykler,283,task
schaykler,92,task
schaykler,117,task
schaykler,77,task
schaykler,108,task
schaykler,113,task
schaykler,114,task
schaykler,77,task
schaykler,184,task
schaykler,112,task
schaykler,115,task
schaykler,161,task
schaykler,145,task
schaykler,170,task
schaykler,350,task
schaykler,349,task
schaykler,347,task
schaykler,121,task
schaykler,149,task
schaykler,117,task
schaykler,111,task
schaykler,144,task
schaykler,93,task
schaykler,274,task
schaykler,146,task
schaykler,71,task
schaykler,155,task
schaykler,148,task
schaykler,159,task
schaykler,166,task
schaykler,30,task
schaykler,110,task
schaykler,109,task
schaykler,3,task
schaykler,3,task
schaykler,6,task
schaykler,105,task
schaykler,193,task
schaykler,132,task
schaykler,4,task
schaykler,67,task
schaykler,66,task
schaykler,194,task
schaykler,194,task
schaykler,74,task
schaykler,116,task
schaykler,156,task
schaykler,40,task
schaykler,207,task
schaykler,89,task
schaykler,4,task
schaykler,88,task
schaykler,113,task
schaykler,151,task
schaykler,177,task
schaykler,140,task
schaykler,143,task
schaykler,140,task
schaykler,232,task
schaykler,28,home
schaykler,158,task
schaykler,158,task
schaykler,136,task
schaykler,142,task
schaykler,94,task
schaykler,91,task
schaykler,131,task
schaykler,125,task
schaykler,142,task
schaykler,64,task
schaykler,157,task
schaykler,221,task
schaykler,82,task
schaykler,132,task
schaykler,177,task
schaykler,150,task
schaykler,167,task
schaykler,116,task
schaykler,54,task
schaykler,133,task
schaykler,198,task
schaykler,217,task
schaykler,139,task
schaykler,315,task
schaykler,315,task
schaykler,200,task
schaykler,104,task
schaykler,133,task
schaykler,173,task
schaykler,7,task
schaykler,116,task
schaykler,115,task
schaykler,96,task
schaykler,94,task
schaykler,94,task
schaykler,160,task
schaykler,159,task
schaykler,46,task
schaykler,305,task
schaykler,305,task
schaykler,177,task
schaykler,182,task
schaykler,23,task
schaykler,23,task
schaykler,194,task
schaykler,166,task
schaykler,148,task
schaykler,134,task
schaykler,178,task
schaykler,15,home
schaykler,190,task
schaykler,202,task
schaykler,244,task
schaykler,244,task
schaykler,184,task
schaykler,5,task
schaykler,68,task
schaykler,169,task
schaykler,318,task
schaykler,193,task
schaykler,213,task
schaykler,212,task
schaykler,218,task
schaykler,183,task
schaykler,128,task
schaykler,152,task
schaykler,112,task
schaykler,203,task
schaykler,204,task
schaykler,233,task
schaykler,10,home
schaykler,224,task
schaykler,219,task
schaykler,32,task
schaykler,113,task
schaykler,115,task
schaykler,142,task
schaykler,142,task
schaykler,140,task
schaykler,108,task
schaykler,108,task
schaykler,161,task
schaykler,156,task
schaykler,269,task
schaykler,164,task
schaykler,96,task
schaykler,192,task
schaykler,192,task
schaykler,120,task
schaykler,120,task
schaykler,238,task
schaykler,41,task
schaykler,4,task
schaykler,6,task
schaykler,5,task
schaykler,5,task
schaykler,3,task
schaykler,197,task
schaykler,196,task
schaykler,3,task
schaykler,135,task
schaykler,205,task
schaykler,87,task
schaykler,86,task
schaykler,105,task
schaykler,105,task
schaykler,4,home
schaykler,169,task
schaykler,166,task
schaykler,167,task
schaykler,99,task
schaykler,60,task
schaykler,59,task
schaykler,68,task
schaykler,226,task
schaykler,10,home
schaykler,6,home
schaykler,121,task
schaykler,280,task
schaykler,136,task
schaykler,113,task
schaykler,112,task
schaykler,52,task
schaykler,51,task
schaykler,50,task
schaykler,47,task
schaykler,44,task
schaykler,43,task
schaykler,42,task
schaykler,314,task
schaykler,280,task
schaykler,6,task
schaykler,6,task
schaykler,8,home
schaykler,185,task
schaykler,186,task
schaykler,233,task
schaykler,166,task
schaykler,167,task
schaykler,253,task
schaykler,127,task
schaykler,293,task
schaykler,134,task
schaykler,256,task
schaykler,252,task
schaykler,4,task
schaykler,150,task
schaykler,142,task
schaykler,227,task
schaykler,226,task
schaykler,213,task
schaykler,151,task
schaykler,147,task
schaykler,149,task
schaykler,132,task
schaykler,247,task
schaykler,212,task
schaykler,133,task
schaykler,6,task
schaykler,273,task
schaykler,69,task
schaykler,66,task
schaykler,98,task
schaykler,98,task
schaykler,169,task
schaykler,78,task
schaykler,36,task
schaykler,197,task
schaykler,218,task
schaykler,213,task
schaykler,253,task
schaykler,147,task
schaykler,173,task
schaykler,167,task
schaykler,159,task
schaykler,139,task
schaykler,148,task
schaykler,158,task
schaykler,158,task
schaykler,155,task
schaykler,143,task
schaykler,231,task
schaykler,230,task
schaykler,133,task
schaykler,117,task
schaykler,13,home
schaykler,98,task
schaykler,9,home
schaykler,76,task
schaykler,121,task
schaykler,41,task
schaykler,128,task
schaykler,31,task
schaykler,27,task
schaykler,32,task
schaykler,38,task
schaykler,65,task
schaykler,195,task
schaykler,171,task
schaykler,179,task
schaykler,173,task
schaykler,26,task
schaykler,106,task
schaykler,195,task
schaykler,92,task
schaykler,48,task
schaykler,48,task
schaykler,158,task
schaykler,148,task
schaykler,177,task
schaykler,125,task
schaykler,124,task
schaykler,158,task
schaykler,160,task
schaykler,155,task
schaykler,31,task
schaykler,40,task
schaykler,47,task
schaykler,133,task
schaykler,116,task
schaykler,60,home
schaykler,121,task
schaykler,9,home
schaykler,105,task
schaykler,43,task
schaykler,39,task
schaykler,17,home
schaykler,155,task
schaykler,153,task
schaykler,4,task
schaykler,175,task
schaykler,139,task
schaykler,209,task
schaykler,251,task
schaykler,212,task
schaykler,201,task
schaykler,190,task
schaykler,362,task
schaykler,358,task
schaykler,353,task
schaykler,3,home
schaykler,9,home
schaykler,5,home
schaykler,4,home
schaykler,111,task
schaykler,313,task
schaykler,287,task
schaykler,291,task
schaykler,288,task
schaykler,289,task
schaykler,288,task
schaykler,277,task
schaykler,85,home
schaykler,163,task
schaykler,388,task
schaykler,378,task
schaykler,377,task
schaykler,343,task
schaykler,353,task
schaykler,326,task
schaykler,331,task
schaykler,321,task
schaykler,304,task
schaykler,21,home
schaykler,17,home
schaykler,4,task
schaykler,209,task
schaykler,197,task
schaykler,49,home
schaykler,66,home
schaykler,8,home
sgonzalez,15,task
sgonzalez,52,task
sgonzalez,5,home
sgonzalez,61,task
sgonzalez,71,task
sgonzalez,79,task
sgonzalez,18,task
sgonzalez,16,task
sgonzalez,137,task
sgonzalez,178,task
sgonzalez,116,task
sgonzalez,114,task
sgonzalez,123,task
sgonzalez,143,task
sgonzalez,11,task
sgonzalez,23,home
shayashi,5,task
shayashi,100,task
shayashi,30,home
shayashi,13,task
shayashi,12,task
shayashi,244,task
shayashi,166,task
shayashi,151,task
shayashi,261,task
sjackson-brewer,15,task
sjackson-brewer,79,task
sjackson-brewer,12,task
slopez,180,task
slopez,179,task
slopez,114,task
slopez,88,task
slopez,84,task
slopez,34,home
sselvin,161,task
twong,81,task
twong,76,task
twong,35,task
twong,30,task
twong,24,task
twong,7,home
twong,172,task
twong,64,task
twong,8,home
twong,94,task
twong,95,task
twong,42,home
twong,41,home
twong,41,home
twong,24,home
twong,64,task
twong,4,home
twong,82,task
twong,39,task
twong,264,task
twong,51,task
twong,28,task
twong,4,task
twong,31,task
twong,44,task
twong,34,task
twong,55,home
twong,40,task
twong,37,task
twong,22,task
twong,105,task
twong,133,task
twong,171,task
twong,61,task
twong,42,task
twong,26,task
twong,17,task
twong,11,task
twong,21,home
twong,23,task
twong,113,task
twong,99,task
twong,85,task
twong,82,task
twong,45,task
twong,119,task
twong,67,task
twong,59,task
twong,61,task
twong,40,task
twong,61,home
twong,44,home
twong,15,home
twong,12,home
twong,12,home
twong,6,home
twong,22,task
twong,14,home
twong,59,task
twong,167,task
twong,56,task
twong,54,task
twong,43,task
twong,49,task
twong,25,task
twong,15,home
twong,4,home
twong,8,task
twong,109,task
twong,91,task
twong,87,task
twong,38,home
twong,31,home
twong,72,task
twong,36,task
twong,107,task
twong,223,task
twong,4,home
twong,115,task
twong,61,home
twong,3,home
twong,21,home
twong,17,home
twong,199,task
twong,202,task
twong,50,task
twong,52,task
twong,82,task
twong,39,home
twong,83,task
twong,58,task
twong,3,home
twong,58,home
twong,49,home
twong,76,task
twong,34,home
twong,69,task
twong,18,home
twong,18,home
twong,18,home
twong,18,home
twong,4,task
twong,99,task
twong,94,task
twong,32,home
twong,11,task
twong,15,home
twong,19,home
twong,134,task
twong,132,task
twong,129,task
twong,69,task
twong,61,task
twong,48,task
twong,51,task
twong,61,home
twong,6,home
twong,7,home
twong,28,home
twong,28,home
twong,27,home
twong,4,home
twong,30,home
twong,5,home
twong,15,home
twong,98,task
twong,4,task
twong,16,home
twong,4,home
twong,46,task
twong,10,home
twong,36,home
twong,94,task
twong,69,task
twong,74,task
twong,73,task
twong,46,home
twong,9,task
twong,10,home
twong,99,task
twong,4,home
twong,112,task
twong,103,task
twong,87,task
twong,103,task
twong,81,task
twong,92,task
twong,14,home
twong,84,task
twong,20,home
twong,13,home
twong,42,home
twong,12,home
twong,51,home
twong,26,home
twong,16,home
twong,5,home
twong,5,home
twong,28,task
twong,44,task
twong,50,task
twong,64,task
twong,61,home
twong,17,home
twong,68,home
twong,34,task
twong,3,home
twong,23,home
twong,9,home
twong,7,home
twong,6,home
twong,5,home
twong,4,home
twong,24,home
twong,24,home
twong,3,home
twong,101,task
twong,8,home
twong,8,home
twong,8,home
twong,8,home
twong,8,home
twong,3,home
twong,18,home
twong,70,task
twong,55,home
twong,61,home
twong,60,home
twong,9,home
twong,8,home
twong,41,home
twong,34,home
twong,6,home
